分类,菜名,价格,单位,POS写法(多个用|分隔)
寿司类,蒲烧鳗鱼手卷,27.8,份,蒲烧鳗鱼手卷|蒲烧鳗鱼手卷·|蒲烧鳗鱼 手卷
寿司类,三文鱼腩寿司,31.7,份,三文鱼腩寿司|三文鱼腩寿 司
寿司类,天妇罗手卷,37.7,份,天妇罗手卷|天妇罗 手卷
寿司类,帆立贝寿司,57.5,份,帆立贝寿司|帆立贝寿司·
寿司类,流心鹅肝手卷,57.5,份,流心鹅肝手卷|流心鹅肝 手卷
寿司类,皇帝蟹棒寿司,19.8,份,皇帝蟹棒寿司|皇帝蟹棒寿司·
寿司类,章红鱼寿司,23.8,份,章红鱼寿司|章红鱼 寿司
寿司类,章红鱼腹寿司,38.0,份,章红鱼腹寿司|章红鱼腹 寿司
寿司类,紫苏纹甲鱿鱼寿司,23.8,份,紫苏纹甲鱿鱼寿司|紫苏纹甲鱿鱼寿司·
寿司类,赤红虾寿司,17.6,份,赤红虾寿司|赤红虾 寿司
寿司类,（儿童之选）炙烤寿司盛（10贯）,197.7,份,（儿童之选）炙烤寿司盛（10贯）
寿司类,三文鱼厚腩寿司,24.2,份,三文鱼厚腩寿司
寿司类,三文鱼寿司,23.8,份,三文鱼寿司
寿司类,三文鱼寿司1,23.9,份,三文鱼寿司1
寿司类,三文鱼寿司12元,11.8,份,三文鱼寿司12元
寿司类,三文鱼籽寿司,47.5,份,三文鱼籽寿司
寿司类,三色花之恋寿司,31.0,份,三色花之恋寿司
寿司类,北极贝寿司,11.9,份,北极贝寿司
寿司类,半熟虎虾,27.7,份,半熟虎虾
寿司类,半熟虎虾寿司,28.0,份,半熟虎虾寿司
寿司类,厚切三文鱼寿司,18.0,份,厚切三文鱼寿司
寿司类,双葱金枪鱼手卷,47.7,份,双葱金枪鱼手卷
寿司类,味付油扬寿司,7.5,份,味付油扬寿司
寿司类,帆立贝寿司1,58.0,份,帆立贝寿司1
寿司类,帆立贝寿司25元,24.8,份,帆立贝寿司25元
寿司类,星鰻手卷,0,份,星鰻手卷
寿司类,星鳗手卷,37.3,份,星鳗手卷
寿司类,星鳗鱼寿司,47.8,份,星鳗鱼寿司
寿司类,枪鱿鱼寿司,58.0,份,枪鱿鱼寿司
寿司类,海胆三色甜筒,195.2,份,海胆三色甜筒
寿司类,海胆寿司,107.5,份,海胆寿司
寿司类,海胆枪鱿鱼寿司,31.7,份,海胆枪鱿鱼寿司
寿司类,海胆热狗TACO,196.3,份,海胆热狗TACO
寿司类,海胆甜桶,194.4,份,海胆甜桶
寿司类,海胆纹甲鱿鱼寿司,67.0,份,海胆纹甲鱿鱼寿司
寿司类,海胆金鲷寿司,71.3,份,海胆金鲷寿司
寿司类,海胆鱿鱼寿司,68.0,份,海胆鱿鱼寿司
寿司类,火炙三文鱼寿司,11.8,份,火炙三文鱼寿司
寿司类,火炙鹅肝伴带子寿司,31.8,份,火炙鹅肝伴带子寿司
寿司类,炙烤三文鱼寿司,23.8,份,炙烤三文鱼寿司
寿司类,炙烤三文鱼皮寿司,5.8,份,炙烤三文鱼皮寿司
寿司类,炙烤三文鱼腩寿司,17.6,份,炙烤三文鱼腩寿司
寿司类,炙烤寿司盛（十贯）（儿童之选）,196.3,份,炙烤寿司盛（十贯）（儿童之选）
寿司类,炙烤左口鱼裙边寿司,47.5,份,炙烤左口鱼裙边寿司
寿司类,炙烤澳洲和牛西冷寿司,97.6,份,炙烤澳洲和牛西冷寿司
寿司类,炙烤牛肉寿司,97.5,份,炙烤牛肉寿司
寿司类,炙烤雪花牛肉寿司,97.4,份,炙烤雪花牛肉寿司
寿司类,炙烤鹅肝寿司,67.4,份,炙烤鹅肝寿司
寿司类,炙烧左口鱼裙边寿司,24.6,份,炙烧左口鱼裙边寿司
寿司类,炙烧鹅肝寿司,24.7,份,炙烧鹅肝寿司
寿司类,照烧牛肉寿司,17.8,份,照烧牛肉寿司
寿司类,牛油果辣味鱼生寿司,17.4,份,牛油果辣味鱼生寿司
寿司类,牡丹虾寿司,128.0,份,牡丹虾寿司
寿司类,玉子寿司,17.9,份,玉子寿司
寿司类,甘损汁,27.5,份,甘损汁
寿司类,甜虾寿司,71.4,份,甜虾寿司
寿司类,盐烤金枪鱼大腹寿司,87.2,份,盐烤金枪鱼大腹寿司
寿司类,矶煮鲍鱼寿司,31.7,份,矶煮鲍鱼寿司
寿司类,章红鱼腩寿司,38.0,份,章红鱼腩寿司
寿司类,紫苏枪鱿鱼寿司,17.7,份,紫苏枪鱿鱼寿司
寿司类,红虾寿司,38.0,份,红虾寿司
寿司类,纹甲鱿鱼寿司,0,份,纹甲鱿鱼寿司
寿司类,芥末八爪鱼寿司,5.9,份,芥末八爪鱼寿司
寿司类,蒲烧鳗鱼寿司,27.7,份,蒲烧鳗鱼寿司
寿司类,车海佬寿司,17.8,份,车海佬寿司
寿司类,软丝鱿鱼寿司,38.0,份,软丝鱿鱼寿司
寿司类,金枪鱼中腹,0,份,金枪鱼中腹
寿司类,金枪鱼中腹寿司,77.5,份,金枪鱼中腹寿司
寿司类,金枪鱼大腹寿司,86.5,份,金枪鱼大腹寿司
寿司类,金枪鱼赤身寿司,58.0,份,金枪鱼赤身寿司
寿司类,雪花牛肉寿司,30.5,份,雪花牛肉寿司
寿司类,雪花牛肉海胆寿司,108.0,份,雪花牛肉海胆寿司
寿司类,青瓜手卷,17.9,份,青瓜手卷
寿司类,飘雪鹅肝金枪鱼寿司,127.3,份,飘雪鹅肝金枪鱼寿司
寿司类,飞鱼籽寿司,17.9,份,飞鱼籽寿司
寿司类,香葱金枪鱼军舰,11.9,份,香葱金枪鱼军舰
寿司类,鰤鱼寿司,11.8,份,鰤鱼寿司
寿司类,鱿鱼寿司,0,份,鱿鱼寿司
寿司类,鹅肝带子,58.0,份,鹅肝带子
寿司类,黄瓜小卷,18.0,份,黄瓜小卷
寿司类,黑松露金雕寿司,17.5,份,黑松露金雕寿司
寿司类,黑松露金鲷寿司,47.8,份,黑松露金鲷寿司
寿司类,黑松露金鲷寿司.,47.6,份,黑松露金鲷寿司.
寿司类,黑松露金鲷寿司1,45.9,份,黑松露金鲷寿司1
炙烤寿司,炙烤鹅肝寿司（单贯）,28.4,份,炙烤鹅肝寿司（单贯）|炙烤鹅肝寿司（单件）|炙烤鹅肝寿司(单贯)|炙烤鹅肝寿司 (单件)|炙烤鹅肝寿司(单件)
炙烤寿司,蒲烧鳗鱼寿司（单贯）,13.1,份,蒲烧鳗鱼寿司（单贯）|蒲烧鳗鱼寿司(单贯)|蒲烧鳗鱼寿司（单件）|蒲烧鳗鱼寿司 (单件)
炙烤寿司,炙烤三文鱼寿司（单件）,9.5,份,炙烤三文鱼寿司（单件）|炙烤三文鱼寿司（单贯）|炙烤三文鱼寿司 (单件)
炙烤寿司,炙烤蒲烧鳗鱼寿司（单贯）,9.8,份,炙烤蒲烧鳗鱼寿司（单贯）|炙烤蒲烧鳗鱼寿司（单件）|炙烤蒲烧鳗鱼寿司(单贯)
炙烤寿司,星鳗鱼寿司（单贯）,16.6,份,星鳗鱼寿司（单件）|星鳗鱼寿司（单贯）
炙烤寿司,炙烤和牛寿司（单件）,41.5,份,炙烤和牛寿司（单件）|炙烤和牛寿司（单贯）
炙烤寿司,炙烤左口鱼裙边寿司（单贯）,16.4,份,炙烤左口鱼裙边寿司（单件）|炙烤左口鱼裙边寿司（单贯）
炙烤寿司,炙烤牛肉寿司（单贯）,55.0,份,炙烤牛肉寿司（单件）|炙烤牛肉寿司（单贯）
炙烤寿司,玉子寿司（单贯）,8.0,份,玉子寿司（单贯）|玉子寿司（单件）
炙烤寿司,玉子烧寿司（单件）,6.9,份,玉子烧寿司（单件）|玉子烧寿司（单贯）
炙烤寿司,皇帝蟹棒寿司（单贯）,6.0,份,皇帝蟹棒寿司（单件）|皇帝蟹棒寿司（单贯）
炙烤寿司,飞鱼籽寿司（单贯）,6.8,份,飞鱼籽寿司（单件）|飞鱼籽寿司（单贯）
炙烤寿司,一尾星鳗寿司（单贯）,38.1,份,一尾星鳗寿司（单贯）
炙烤寿司,星鳗寿司,18.2,份,星鳗寿司
炙烤寿司,海胆雪花牛肉寿司（单贯）,36.1,份,海胆雪花牛肉寿司（单贯）
炙烤寿司,火炙三文鱼寿司（单贯）,13.3,份,火炙三文鱼寿司（单贯）
炙烤寿司,炙烤三文鱼皮寿司（单贯）,5.5,份,炙烤三文鱼皮寿司（单贯）
炙烤寿司,炙烤三文鱼皮寿司（单贯）-标准,3.7,份,炙烤三文鱼皮寿司（单贯）-标准
炙烤寿司,炙烤寿司盛（10贯）,153.7,份,炙烤寿司盛（10贯）
炙烤寿司,炙烤蒲烧鳗鱼寿司,9.1,份,炙烤蒲烧鳗鱼寿司
炙烤寿司,烤鹅肝寿司（单件）,22.6,份,烤鹅肝寿司（单件）
炙烤寿司,照烧牛肉寿司（单贯）,27.4,份,照烧牛肉寿司（单贯）
炙烤寿司,玉子手握寿司（单贯）,7.2,份,玉子手握寿司（单贯）
炙烤寿司,雪花牛肉寿司（单贯）,24.3,份,雪花牛肉寿司（单贯）
手握寿司,omakase级海胆寿司（单件）,43.9,份,omakase级海胆寿司（单件）|omakase级海胆寿司（单贯）
手握寿司,omakase级金枪鱼大腹寿司（单件）,36.9,份,omakase级金枪鱼大腹寿司（单件）|omakase级金枪鱼大腹寿司（单贯）
手握寿司,omakase级金枪鱼赤身寿司（单件）,21.2,份,omakase级金枪鱼赤身寿司（单件）|omakase级金枪鱼赤身寿司（单贯）
手握寿司,omakase级黑松露金鲷寿司（单件）,16.2,份,omakase级黑松露金鲷寿司（单件）|omakase级黑松露金鲷寿司（单贯）
手握寿司,omakase级三文鱼寿司（单件）,9.5,份,omakase级三文鱼寿司（单件）
手握寿司,omakase级三文鱼籽寿司（单件）,16.0,份,omakase级三文鱼籽寿司（单件）
手握寿司,omakase级三文鱼鱼腩寿司（单件）,9.6,份,omakase级三文鱼鱼腩寿司（单件）
手握寿司,omakase级半熟虎虾寿司（单件）,13.0,份,omakase级半熟虎虾寿司（单件）
手握寿司,omakase级帆立贝寿司（单件）,15.0,份,omakase级帆立贝寿司（单件）
手握寿司,omakase级牡丹虾寿司（单件）,47.5,份,omakase级牡丹虾寿司（单件）
手握寿司,omakase级甜虾寿司（单件）,23.2,份,omakase级甜虾寿司（单件）
手握寿司,omakase级章红鱼寿司（单件）,7.8,份,omakase级章红鱼寿司（单件）
手握寿司,omakase级章红鱼腹寿司（单件）,11.0,份,omakase级章红鱼腹寿司（单件）
手握寿司,omakase级紫苏纹甲鱿鱼寿司（单件）,7.7,份,omakase级紫苏纹甲鱿鱼寿司（单件）
手握寿司,omakase级蓝鳍金枪鱼大腹寿司（单件）,39.1,份,omakase级蓝鳍金枪鱼大腹寿司（单件）
手握寿司,omakase级赤红虾寿司（单件）,20.3,份,omakase级赤红虾寿司（单件）
手握寿司,omakase级金枪鱼中腹寿司（单件）,26.5,份,omakase级金枪鱼中腹寿司（单件）
手握寿司,omakase级飘雪鹅肝金枪鱼寿司（单件）,44.7,份,omakase级飘雪鹅肝金枪鱼寿司（单件）
手握寿司,厚切三文鱼寿司（单贯）,16.3,份,厚切三文鱼寿司（单贯）
手握寿司,手握鰤鱼寿司（单贯）,10.2,份,手握鰤鱼寿司（单贯）
高品质·手握寿司,Omakase级·金枪鱼中腹寿司（单贯）,39.1,份,Omakase级·金枪鱼中腹寿司（单贯）|Qmakase级·金枪鱼中腹寿司（单贯）|omakase级·金枪鱼中腹寿司（单贯）|Omakase 级·金枪鱼中腹寿司（单贯）
高品质·手握寿司,Omakase级·黑松露金鲷寿司（单贯）,21.3,份,Omakase级·黑松露金鲷寿司（单贯）|Qmakase级·黑松露金鲷寿司（单贯）|omakase级·黑松露金鲷寿司（单贯）|Omakase 级·黑松露金鲷寿司（单贯）
高品质·手握寿司,Omakase级·三文鱼寿司（单贯）,10.6,份,Omakase级·三文鱼寿司（单贯）|Qmakase级·三文鱼寿司（单贯）|omakase级·三文鱼寿司（单贯）
高品质·手握寿司,Omakase级·三文鱼籽寿司（单贯）,21.1,份,Omakase级·三文鱼籽寿司（单贯）|Qmakase级·三文鱼籽寿司（单贯）|omakase级·三文鱼籽寿司（单贯）
高品质·手握寿司,Omakase级·半熟虎虾寿司（单贯）,15.0,份,Omakase级·半熟虎虾寿司（单贯）|Qmakase级·半熟虎虾寿司（单贯）|omakase级·半熟虎虾寿司（单贯）
高品质·手握寿司,Omakase级·帆立贝寿司（单贯）,21.6,份,Omakase级·帆立贝寿司（单贯）|Qmakase级·帆立贝寿司（单贯）|omakase级·帆立贝寿司（单贯）
高品质·手握寿司,Omakase级·海胆寿司（单贯）,53.9,份,Omakase级·海胆寿司（单贯）|omakase级·海胆寿司（单贯）|Qmakase级·海胆寿司（单贯）
高品质·手握寿司,Omakase级·牡丹虾寿司（单贯）,66.4,份,Omakase级·牡丹虾寿司（单贯）|Qmakase级·牡丹虾寿司（单贯）|omakase级·牡丹虾寿司（单贯）
高品质·手握寿司,Omakase级·甜虾寿司（单贯）,29.0,份,Omakase级·甜虾寿司（单贯）|Qmakase级·甜虾寿司（单贯）|omakase级·甜虾寿司（单贯）
高品质·手握寿司,Omakase级·紫苏纹甲鱿鱼寿司（单贯）,11.9,份,Omakase级·紫苏纹甲鱿鱼寿司（单贯）|Qmakase级·紫苏纹甲鱿鱼寿司（单贯）|omakase级·紫苏纹甲鱿鱼寿司（单贯）
高品质·手握寿司,Omakase级·金枪鱼大腹寿司（单贯）,50.0,份,Omakase级·金枪鱼大腹寿司（单贯）|Qmakase级·金枪鱼大腹寿司（单贯）|omakase级·金枪鱼大腹寿司（单贯）
高品质·手握寿司,Omakase级·金枪鱼赤身寿司（单贯）,26.5,份,Omakase级·金枪鱼赤身寿司（单贯）|Qmakase级·金枪鱼赤身寿司（单贯）|omakase级·金枪鱼赤身寿司（单贯）
高品质·手握寿司,Omakase级·飘雪鹅肝金枪鱼寿司（单贯）,70.1,份,Omakase级·飘雪鹅肝金枪鱼寿司（单贯）|Qmakase级·飘雪鹅肝金枪鱼寿司（单贯）|omakase级·飘雪鹅肝金枪鱼寿司（单贯）
高品质·手握寿司,Omakase级·三文鱼腩寿司（单贯）,14.6,份,Omakase级·三文鱼腩寿司（单贯）|Omakase 级·三文鱼腩寿司 (单贯)
高品质·手握寿司,Qmakase级·三文鱼鱼腩寿司（单贯）,15.3,份,Qmakase级·三文鱼鱼腩寿司（单贯）|omakase级·三文鱼鱼腩寿司（单贯）
高品质·手握寿司,Omakase级·章红鱼寿司（单贯）,11.4,份,Omakase级·章红鱼寿司（单贯）|Qmakase级·章红鱼寿司（单贯）
高品质·手握寿司,Omakase级·章红鱼腹寿司（单贯）,18.9,份,Omakase级·章红鱼腹寿司（单贯）|Qmakase级·章红鱼腹寿司（单贯）
高品质·手握寿司,omakase级·油甘鱼寿司（单贯）,9.9,份,omakase级·油甘鱼寿司（单贯）
高品质·手握寿司,omakase级·油甘鱼腹寿司（单贯）,13.5,份,omakase级·油甘鱼腹寿司（单贯）
高品质·手握寿司,Omakase级·赤红虾寿司（单贯）,25.6,份,Omakase级·赤红虾寿司（单贯）
高品质·手握寿司,三文鱼厚腩寿司（单贯）,21.0,份,三文鱼厚腩寿司（单贯）
高品质·手握寿司,三文鱼寿司（单贯）,10.8,份,三文鱼寿司（单贯）
高品质·手握寿司,三文鱼籽寿司（单贯）,19.3,份,三文鱼籽寿司（单贯）
高品质·手握寿司,三文鱼腩寿司（单贯）,13.0,份,三文鱼腩寿司（单贯）
高品质·手握寿司,北极贝寿司（单贯）,10.1,份,北极贝寿司（单贯）
高品质·手握寿司,帆立贝寿司（单贯）,18.1,份,帆立贝寿司（单贯）
高品质·手握寿司,海胆寿司（单贯）,41.8,份,海胆寿司（单贯）
高品质·手握寿司,牛油果辣味鱼生寿司（单贯）,19.0,份,牛油果辣味鱼生寿司（单贯）
高品质·手握寿司,牡丹虾寿司（单贯）,44.4,份,牡丹虾寿司（单贯）
高品质·手握寿司,甜虾寿司（单贯）,25.3,份,甜虾寿司（单贯）
高品质·手握寿司,矶煮鲍鱼寿司（单贯）,28.4,份,矶煮鲍鱼寿司（单贯）
高品质·手握寿司,紫苏枪鱿鱼寿司（单贯）,17.9,份,紫苏枪鱿鱼寿司（单贯）
高品质·手握寿司,紫苏纹甲鱿鱼寿司（单贯）,9.7,份,紫苏纹甲鱿鱼寿司（单贯）
高品质·手握寿司,芥末八爪鱼寿司（单贯）,5.6,份,芥末八爪鱼寿司（单贯）
高品质·手握寿司,赤红虾寿司（单贯）,16.8,份,赤红虾寿司（单贯）
高品质·手握寿司,金枪鱼中腹寿司（单贯）,23.7,份,金枪鱼中腹寿司（单贯）
高品质·手握寿司,金枪鱼大腹寿司（单贯）,33.8,份,金枪鱼大腹寿司（单贯）
高品质·手握寿司,金枪鱼赤身寿司（单贯）,15.4,份,金枪鱼赤身寿司（单贯）
高品质·手握寿司,飘雪鹅肝金枪鱼寿司（单贯）,41.5,份,飘雪鹅肝金枪鱼寿司（单贯）
高品质·手握寿司,香葱金枪鱼军舰（单贯）,9.9,份,香葱金枪鱼军舰（单贯）
高品质·手握寿司,黑松露金鲷寿司（单贯）,15.4,份,黑松露金鲷寿司（单贯）
巨·寿司,五选二星鰻和黑松露金雕鲷,88.0,份,五选二星鰻和黑松露金雕鲷
巨·寿司,巨·灸烤星鳗寿司,56.6,份,巨·灸烤星鳗寿司
巨·寿司,巨·章红鱼寿司,45.7,份,巨·章红鱼寿司
巨·寿司,巨·金枪鱼蓉赤红虾寿司,52.6,份,巨·金枪鱼蓉赤红虾寿司
巨·寿司,巨·香水柠檬三文鱼寿司,37.3,份,巨·香水柠檬三文鱼寿司
巨·寿司,巨·黑松露金鲷寿司,45.8,份,巨·黑松露金鲷寿司
巨·寿司,巨 黑松露金鲷和巨 赤红虾,98.0,份,巨 黑松露金鲷和巨 赤红虾
巨·寿司,海胆甜筒1,88.0,份,海胆甜筒1
超高品质手握寿司,omakase级三文鱼腩寿司（单贯）,12.1,份,omakase级三文鱼腩寿司（单贯）
超高品质手握寿司,omakase级三文鱼鱼籽寿司（单贯）,18.5,份,omakase级三文鱼鱼籽寿司（单贯）
大满足巨型寿司,巨•三文鱼寿司,56.9,份,巨•三文鱼寿司
大满足巨型寿司,巨•金枪鱼腹寿司,158.0,份,巨•金枪鱼腹寿司
大满足巨型寿司,巨•金枪鱼赤身寿司,82.7,份,巨•金枪鱼赤身寿司
大满足巨型寿司,巨•黑松露金鲷寿司,62.6,份,巨•黑松露金鲷寿司
大满足巨型寿司,巨•黑虎虾寿司,53.5,份,巨•黑虎虾寿司
寿司手卷,三文鱼小卷,27.5,份,三文鱼小卷
寿司手卷,加州卷,60.3,份,加州卷
寿司手卷,加州卷寿司,43.1,份,加州卷寿司
寿司手卷,千本渍小卷,10.9,份,千本渍小卷
寿司手卷,太卷,62.5,份,太卷
寿司手卷,太卷寿司,74.0,份,太卷寿司
寿司手卷,玉子小卷,13.7,份,玉子小卷
寿司手卷,皇帝蟹棒小卷,20.1,份,皇帝蟹棒小卷
寿司手卷,金枪鱼小卷,31.5,份,金枪鱼小卷
寿司手卷,鳗鱼小卷,28.5,份,鳗鱼小卷
寿司手卷,鳗鱼小卷寿司,20.4,份,鳗鱼小卷寿司
手持·手卷,一尾星鳗天妇罗手卷,40.7,份,一尾星鳗天妇罗手卷
手持·手卷,卷王,121.0,份,卷王
手持·手卷,厚切鳗鱼手卷,35.3,份,厚切鳗鱼手卷
手持·手卷,吉列带子手卷,26.3,份,吉列带子手卷
手持·手卷,大满足三重虾手卷,54.0,份,大满足三重虾手卷
手持·手卷,天妇罗虾手卷,0,份,天妇罗虾手卷
手持·手卷,无花果鹅肝霸王手卷,52.5,份,无花果鹅肝霸王手卷
手持·手卷,海胆大满足手卷,174.2,份,海胆大满足手卷
手持·手卷,海胆甜筒手卷,117.9,份,海胆甜筒手卷
手持·手卷,牛油果三文鱼手卷,31.2,份,牛油果三文鱼手卷
手持·手卷,甜虾霸霸卷,57.7,份,甜虾霸霸卷
手持·手卷,生熟葱香保乐肩牛肉手卷,34.1,份,生熟葱香保乐肩牛肉手卷
手持·手卷,紫苏明太籽酱鱿鱼手卷,37.6,份,紫苏明太籽酱鱿鱼手卷
手持·手卷,紫苏梅子青瓜手卷,17.6,份,紫苏梅子青瓜手卷
手持·手卷,纯纯三文鱼腩手卷,46.6,份,纯纯三文鱼腩手卷
手持·手卷,超级金枪鱼腹手卷,63.2,份,超级金枪鱼腹手卷
手持·手卷,辣味鱼生手卷,26.3,份,辣味鱼生手卷
手持·手卷,醋冻帆立贝手卷,32.2,份,醋冻帆立贝手卷
手持·手卷,飘雪芝士平目鱼裙边手卷,45.7,份,飘雪芝士平目鱼裙边手卷
手持·手卷,黑松露鲷鱼手卷,35.9,份,黑松露鲷鱼手卷
卷品类,三文鱼大虾卷,46.7,份,三文鱼大虾卷
卷品类,三文鱼鳗鱼天妇罗卷,35.6,份,三文鱼鳗鱼天妇罗卷
卷品类,双葱金枪鱼泥手卷,27.6,份,双葱金枪鱼泥手卷
卷品类,吉列大虾卷,29.1,份,吉列大虾卷
卷品类,吉列带子TaTa酱手卷,36.9,份,吉列带子TaTa酱手卷
卷品类,大满足海胆TACO,196.2,份,大满足海胆TACO
卷品类,大满足鹅肝手卷,37.6,份,大满足鹅肝手卷
卷品类,小卷,13.1,份,小卷
卷品类,星鳗天妇罗手卷,36.2,份,星鳗天妇罗手卷
卷品类,软壳蟹卷,46.4,份,软壳蟹卷
刺身类,三文鱼刺身,27.7,份,三文鱼刺身|三文 鱼刺身
刺身类,三文鱼腩刺身,47.7,份,三文鱼腩刺身|三文鱼腩 刺身
刺身类,海胆刺身（50g）,296.1,份,海胆刺身（50g）|海胆刺身（50g)
刺身类,章红鱼刺身,37.5,份,章红鱼刺身|章红鱼 刺身
刺身类,小竹夹,126.4,份,小竹夹
刺身类,左口鱼薄切,59.8,份,左口鱼薄切
刺身类,帆立贝刺身,48.0,份,帆立贝刺身
刺身类,帆立贝刺身（一只）,47.8,份,帆立贝刺身（一只）
刺身类,当季鲷鱼薄切,73.6,份,当季鲷鱼薄切
刺身类,心型海胆,168.0,份,心型海胆
刺身类,招牌刺身飘雪鹅肝金枪鱼,100.9,份,招牌刺身飘雪鹅肝金枪鱼
刺身类,旬·刺身盛（十切）,196.2,份,旬·刺身盛（十切）
刺身类,枪鱿鱼卷海胆,98.0,份,枪鱿鱼卷海胆
刺身类,水晶·极尚刺身拼盘,196.6,份,水晶·极尚刺身拼盘
刺身类,海胆刺身(爱心海胆）,139.4,份,海胆刺身(爱心海胆）
刺身类,海胆鱼子酱配金枪鱼泥,106.0,份,海胆鱼子酱配金枪鱼泥
刺身类,海胆鱼子酱金枪鱼蓉 拼盘,245.7,份,海胆鱼子酱金枪鱼蓉 拼盘
刺身类,海胆鱼籽金枪鱼,66.8,份,海胆鱼籽金枪鱼
刺身类,爱心海胆30g,198.0,份,爱心海胆30g
刺身类,牡丹虾刺身,49.0,份,牡丹虾刺身
刺身类,牡丹虾刺身（一只）,66.1,份,牡丹虾刺身（一只）
刺身类,甜虾刺身,38.0,份,甜虾刺身
刺身类,甜虾刺身（5只）,57.4,份,甜虾刺身（5只）
刺身类,甜虾刺身（五只）,57.5,份,甜虾刺身（五只）
刺身类,章红鱼刺身1,38.0,份,章红鱼刺身1
刺身类,章红鱼腩刺身,58.0,份,章红鱼腩刺身
刺身类,章红鱼腹刺身,68.0,份,章红鱼腹刺身
刺身类,章红鱼腹刺身1,68.0,份,章红鱼腹刺身1
刺身类,竹夹鱼一条,124.3,份,竹夹鱼一条
刺身类,竹夹鱼半条,66.8,份,竹夹鱼半条
刺身类,竹夹鱼半条刺身,66.6,份,竹夹鱼半条刺身
刺身类,笛鲷鱼刺身,67.7,份,笛鲷鱼刺身
刺身类,紫苏纹甲鱿鱼刺身,56.9,份,紫苏纹甲鱿鱼刺身
刺身类,紫苏鱿鱼刺身,21.2,份,紫苏鱿鱼刺身
刺身类,赤红虾刺身,68.0,份,赤红虾刺身
刺身类,赤贝,65.1,份,赤贝
刺身类,金枪鱼中腹刺身,87.7,份,金枪鱼中腹刺身
刺身类,金枪鱼伴寻鱼子酱,106.0,份,金枪鱼伴寻鱼子酱
刺身类,金枪鱼伴海胆鱼子酱,108.0,份,金枪鱼伴海胆鱼子酱
刺身类,金枪鱼伴鱼子酱海胆,108.0,份,金枪鱼伴鱼子酱海胆
刺身类,金枪鱼大腹刺身,116.6,份,金枪鱼大腹刺身
刺身类,金枪鱼腹刺身,61.1,份,金枪鱼腹刺身
刺身类,金枪鱼赤身刺身,67.6,份,金枪鱼赤身刺身
刺身类,金鲷鱼刺身,67.6,份,金鲷鱼刺身
刺身类,飘雪鹅肝金枪鱼中腹刺身,108.0,份,飘雪鹅肝金枪鱼中腹刺身
刺身类,飘雪鹅肝金枪鱼大腹,158.0,份,飘雪鹅肝金枪鱼大腹
刺身类,飘雪鹅肝金枪鱼大腹刺身,128.0,份,飘雪鹅肝金枪鱼大腹刺身
刺身类,香水柠檬刺身,0,份,香水柠檬刺身
刺身类,香水柠檬鱿鱼,88.0,份,香水柠檬鱿鱼
刺身类,鮨政·极尚刺身盛（十二切）,398.0,份,鮨政·极尚刺身盛（十二切）
刺身类,鰤鱼腹刺身,68.0,份,鰤鱼腹刺身
刺身类,鱼子酱一盒,164.7,份,鱼子酱一盒
刺身类,鱼子酱一罐,168.0,份,鱼子酱一罐
刺身类,鲷鱼刺身（12切）,112.6,份,鲷鱼刺身（12切）
鱼类刺身·单品,原味三文鱼刺身（单片厚切）,10.2,份,原味三文鱼刺身（单片厚切）|原味三文鱼刺身(单片厚切)
鱼类刺身·单品,三文鱼刺身（单片厚切）,17.9,份,三文鱼刺身（单片厚切）
鱼类刺身·单品,三文鱼腩刺身50g,31.6,份,三文鱼腩刺身50g
鱼类刺身·单品,原味三文鱼刺身,10.6,份,原味三文鱼刺身
鱼类刺身·单品,原味三文鱼腩刺身,32.3,份,原味三文鱼腩刺身
鱼类刺身·单品,油甘鱼刺身（单片厚切）,15.4,份,油甘鱼刺身（单片厚切）
鱼类刺身·单品,油甘鱼鱼腹刺身（单片厚切）,26.4,份,油甘鱼鱼腹刺身（单片厚切）
鱼类刺身·单品,白身鱼姿造薄切刺身(十切),120.8,份,白身鱼姿造薄切刺身(十切)
鱼类刺身·单品,章红鱼腹刺身（单片厚切）,28.0,份,章红鱼腹刺身（单片厚切）
鱼类刺身·单品,金枪鱼中腹刺身（单片厚切）,33.0,份,金枪鱼中腹刺身（单片厚切）
鱼类刺身·单品,金枪鱼大腹刺身（单片厚切）,45.3,份,金枪鱼大腹刺身（单片厚切）
鱼类刺身·单品,金枪鱼赤身刺身（单片厚切）,24.8,份,金枪鱼赤身刺身（单片厚切）
鱼类刺身·单品,飘雪鹅肝金枪鱼大腹刺身（单片厚切）,68.2,份,飘雪鹅肝金枪鱼大腹刺身（单片厚切）
鱼类刺身·单品,高品质三文鱼刺身,16.3,份,高品质三文鱼刺身
鱼类刺身·单品,高品质三文鱼刺身50g,28.9,份,高品质三文鱼刺身50g
鱼类刺身,三文鱼刺身150g,83.5,份,三文鱼刺身150g
鱼类刺身,三文鱼腩刺身（单片厚切）,16.2,份,三文鱼腩刺身（单片厚切）
鱼类刺身,岛鲹鱼刺身,50.5,份,岛鲹鱼刺身
鱼类刺身,白身鱼薄切（10切）,78.2,份,白身鱼薄切（10切）
鱼类刺身,章红鱼刺身（单片厚切）,14.5,份,章红鱼刺身（单片厚切）
鱼类刺身,章红鱼鱼腹刺身（单片厚切）,25.2,份,章红鱼鱼腹刺身（单片厚切）
鱼类刺身,蓝鳍金枪鱼中腹刺身（单片厚切）,30.9,份,蓝鳍金枪鱼中腹刺身（单片厚切）
鱼类刺身,蓝鳍金枪鱼大腹刺身（单片厚切）,39.9,份,蓝鳍金枪鱼大腹刺身（单片厚切）
鱼类刺身,蓝鳍金枪鱼赤身刺身（单片厚切）,22.5,份,蓝鳍金枪鱼赤身刺身（单片厚切）
鱼类刺身,飘雪鹅肝金枪鱼大腹（单片厚切）,80.6,份,飘雪鹅肝金枪鱼大腹（单片厚切）
鱼类刺身,高品质三文鱼刺身（单片厚切）,9.1,份,高品质三文鱼刺身（单片厚切）
虾贝类刺身·单品,鳌虾刺身(一只),106.5,份,鳌虾刺身（一只）|鳌虾刺身(一只)
虾贝类刺身·单品,帆立贝刺身（1只）,22.5,份,帆立贝刺身（1只）
虾贝类刺身·单品,帆立贝刺身（半只）,22.4,份,帆立贝刺身（半只）
虾贝类刺身·单品,帆立贝刺身（整只）,21.9,份,帆立贝刺身（整只）
虾贝类刺身·单品,牡丹虾刺身（1只）,42.9,份,牡丹虾刺身（1只）
虾贝类刺身·单品,甜虾刺身5只,52.3,份,甜虾刺身5只
虾贝类刺身·单品,高品质甜虾刺身（1只）,10.8,份,高品质甜虾刺身（1只）
虾贝类刺身·单品,高品质甜虾刺身5只,49.1,份,高品质甜虾刺身5只
虾贝类刺身·单品,鲜活赤贝刺身（整只）,52.3,份,鲜活赤贝刺身（整只）
虾贝类刺身·单品,鳌虾刺身(1只),87.4,份,鳌虾刺身(1只)
虾贝类刺身,高品质大甜虾刺身（1只）,10.0,份,高品质大甜虾刺身（1只）
虾贝类刺身,高品质大甜虾刺身（五只）,42.7,份,高品质大甜虾刺身（五只）
虾贝类刺身,鲜活赤贝（一整只）,60.2,份,鲜活赤贝（一整只）
刺身·拼盘,三文鱼自由刺身拼盘,122.8,份,三文鱼自由刺身拼盘
刺身·拼盘,大极尚刺身盛,241.5,份,大极尚刺身盛
刺身·拼盘,大极尚刺身盛1,242.0,份,大极尚刺身盛1
刺身·拼盘,极尚刺身盛,158.2,份,极尚刺身盛
刺身·拼盘,精选刺身盛,68.5,份,精选刺身盛
刺身系列,三文鱼十切り大腩拼盘,165.7,份,三文鱼十切り大腩拼盘
刺身系列,北极贝刺身（2只）,25.8,份,北极贝刺身（2只）
刺身系列,甜虾刺身（3只）,37.1,份,甜虾刺身（3只）
刺身系列,金雕海胆卷刺身,76.3,份,金雕海胆卷刺身
刺身系列,鮨政·极盛刺身拼盘,294.7,份,鮨政·极盛刺身拼盘
刺身系列,鰤鱼刺身,27.7,份,鰤鱼刺身
刺身系列,黑松露白身鱼薄切刺身,116.8,份,黑松露白身鱼薄切刺身
寿司+刺身拼盘,开心双拼套餐,149.0,份,开心双拼套餐
寿司+刺身拼盘,快乐双拼套餐,120.3,份,快乐双拼套餐
寿司+刺身拼盘,豪华双拼套餐,220.2,份,豪华双拼套餐
寿司+刺身拼盘,马年豪华双拼套餐,265.5,份,马年豪华双拼套餐
日式料理,冰沙,37.7,份,冰沙|冰 沙
日式料理,水果,27.8,份,水果|水果·
日式料理,甄选谷饲·澳洲和牛 铁板炙煎霜降西冷,398.0,份,甄选谷饲·澳洲和牛 铁板炙煎霜降西冷|甄选谷饲·澳洲和牛  铁板炙煎霜降西冷
日式料理,29.9杂菜天妇罗,29.9,份,29.9杂菜天妇罗
日式料理,[赠送]芝士蛋糕,0,份,[赠送]芝士蛋糕
日式料理,一夜干烤青花鱼,68.0,份,一夜干烤青花鱼
日式料理,冰淇淋,37.8,份,冰淇淋
日式料理,吉列带子伴他他酱,58.0,份,吉列带子伴他他酱
日式料理,味淋鮟鱇鱼干,37.7,份,味淋鮟鱇鱼干
日式料理,味淋鮟鱇鱼肝,21.4,份,味淋鮟鱇鱼肝
日式料理,味淋鱼干,38.0,份,味淋鱼干
日式料理,和牛卷山苏叶,96.3,份,和牛卷山苏叶
日式料理,夏海胆料理,106.6,份,夏海胆料理
日式料理,大虎虾天妇罗,127.1,份,大虎虾天妇罗
日式料理,小份星鳗天妇罗,0,份,小份星鳗天妇罗
日式料理,布丁,19.5,份,布丁
日式料理,无菌蛋,8.9,份,无菌蛋
日式料理,星鳗天妇罗,128.0,份,星鳗天妇罗
日式料理,杂菜天妇罗,77.3,份,杂菜天妇罗
日式料理,枝豆,27.9,份,枝豆
日式料理,汁煮鱿鱼,48.0,份,汁煮鱿鱼
日式料理,海胆一整盒,888.0,份,海胆一整盒
日式料理,海胆三文鱼籽茶碗蒸,47.7,份,海胆三文鱼籽茶碗蒸
日式料理,海胆天妇罗,293.0,份,海胆天妇罗
日式料理,海胆酱烤大虎虾（两只）,106.3,份,海胆酱烤大虎虾（两只）
日式料理,海鲜茶碗蒸蛋,28.0,份,海鲜茶碗蒸蛋
日式料理,炸河虾,47.6,份,炸河虾
日式料理,烤鳗鱼,98.0,份,烤鳗鱼
日式料理,矶煮鲍鱼伴肝酱,57.2,份,矶煮鲍鱼伴肝酱
日式料理,红酒鹅肝（冻食）,47.6,份,红酒鹅肝（冻食）
日式料理,网纹蜜瓜,0,份,网纹蜜瓜
日式料理,联名鱼子酱海胆配金枪鱼,88.0,份,联名鱼子酱海胆配金枪鱼
日式料理,腹心肉卷芦笋,198.0,份,腹心肉卷芦笋
日式料理,芒果冰沙,48.0,份,芒果冰沙
日式料理,芝士小蛋糕,37.7,份,芝士小蛋糕
日式料理,芝士慕斯蛋糕,37.3,份,芝士慕斯蛋糕
日式料理,芝士蛋糕,17.9,份,芝士蛋糕
日式料理,茶碗蒸,32.0,份,茶碗蒸
日式料理,蜜瓜,17.0,份,蜜瓜
日式料理,酱烤虎虾,168.0,份,酱烤虎虾
日式料理,银鳕鱼西京烧,126.5,份,银鳕鱼西京烧
日式料理,银鳕鱼西京烧伴明太子酱,166.8,份,银鳕鱼西京烧伴明太子酱
日式料理,雪花牛肉寿喜烧,101.1,份,雪花牛肉寿喜烧
日式料理,香水柠檬芝士蛋糕,27.9,份,香水柠檬芝士蛋糕
日式料理,鱈鱼脆片伴美乃滋,38.0,份,鱈鱼脆片伴美乃滋
日式料理,鳕鱼脆片伴美乃滋,37.9,份,鳕鱼脆片伴美乃滋
日式料理,鹅肝茶碗蒸,31.7,份,鹅肝茶碗蒸
主厨推荐菜,一夜干青花鱼,56.4,份,一夜干青花鱼
主厨推荐菜,和牛鹅肝卷拌无菌蛋,67.8,份,和牛鹅肝卷拌无菌蛋
主厨推荐菜,大满足·海胆甜筒,169.2,份,大满足·海胆甜筒
主厨推荐菜,新西兰鳌虾,87.8,份,新西兰鳌虾
主厨推荐菜,板海胆刺身,780.9,份,板海胆刺身
主厨推荐菜,柚子胡椒白身鱼寿司,26.0,份,柚子胡椒白身鱼寿司
主厨推荐菜,柚子醋冻伴赤红虾,47.4,份,柚子醋冻伴赤红虾
主厨推荐菜,池鱼王寿司,67.8,份,池鱼王寿司
主厨推荐菜,法国皇御生蚝,87.3,份,法国皇御生蚝
主厨推荐菜,活北极贝,67.2,份,活北极贝
主厨推荐菜,活赤贝,67.3,份,活赤贝
主厨推荐菜,海胆三色Taca,198.0,份,海胆三色Taca
主厨推荐菜,海胆刺身,949.0,份,海胆刺身
主厨推荐菜,海胆热狗塔可,193.7,份,海胆热狗塔可
主厨推荐菜,海胆金雕寿司,24.5,份,海胆金雕寿司
主厨推荐菜,烤鳕鱼片,26.7,份,烤鳕鱼片
主厨推荐菜,盐烤金枪鱼下巴,126.2,份,盐烤金枪鱼下巴
主厨推荐菜,西京平目鱼,57.8,份,西京平目鱼
主厨推荐菜,鮨政·海胆寿司拼盘,154.8,份,鮨政·海胆寿司拼盘
主厨推荐菜,鲜活赤贝,67.0,份,鲜活赤贝
主厨推荐菜,鹅肝伴带子寿司,57.6,份,鹅肝伴带子寿司
季节推荐,鲷鱼汤,27.8,份,鲷鱼汤|鲷鱼 汤
季节推荐,（季）吉烈带子他他酱,58.0,份,（季）吉烈带子他他酱
季节推荐,（季）小河虾,37.4,份,（季）小河虾
季节推荐,（季）池鱼王薄切6切,128.0,份,（季）池鱼王薄切6切
季节推荐,（季）法国银鳕鱼,168.0,份,（季）法国银鳕鱼
季节推荐,（季）活赤贝寿司,0,份,（季）活赤贝寿司
季节推荐,（季）海胆法国生蚝,88.0,份,（季）海胆法国生蚝
季节推荐,（季）海胆金枪鱼甜筒,198.0,份,（季）海胆金枪鱼甜筒
季节推荐,（季）甘鲷立鳞烧,58.0,份,（季）甘鲷立鳞烧
季节推荐,（季）西京烤银鳕鱼,186.7,份,（季）西京烤银鳕鱼
季节推荐,（季）铁板时蔬,0,份,（季）铁板时蔬
季节推荐,（季）鮨政寿司小蛋糕,0,份,（季）鮨政寿司小蛋糕
季节推荐,寿司姜,28.0,份,寿司姜
季节推荐,小鱿鱼,48.0,份,小鱿鱼
季节推荐,海胆一板,999.0,份,海胆一板
季节推荐,海胆半板,599.0,份,海胆半板
季节推荐,海胆寿司拼盘,158.0,份,海胆寿司拼盘
季节推荐,海胆新西兰鳌虾,108.0,份,海胆新西兰鳌虾
季节推荐,海胆金枪鱼蓉鱼子酱料理,86.2,份,海胆金枪鱼蓉鱼子酱料理
季节推荐,海胆鱼子酱,96.4,份,海胆鱼子酱
季节推荐,澳洲牛肉拌野菜山苏卷·,168.0,份,澳洲牛肉拌野菜山苏卷·
季节推荐,盐烧牛舌,57.7,份,盐烧牛舌
季节推荐,蟹肉茶碗蒸,0,份,蟹肉茶碗蒸
季节推荐,金鲷刺身,68.0,份,金鲷刺身
季节推荐,马友鱼寿司,3.1,份,马友鱼寿司
季节推荐,马粪海胆半板,488.0,份,马粪海胆半板
季节推荐,鱼子酱寿司拼盘,188.0,份,鱼子酱寿司拼盘
季节推荐,鱼生饭,0,份,鱼生饭
春夏主厨限定推荐,半斤三文鱼刺身盛,168.0,份,半斤三文鱼刺身盛
春夏主厨限定推荐,原条一尾星鳗寿司,58.0,份,原条一尾星鳗寿司
春夏主厨限定推荐,原条熟成金鲷,188.0,份,原条熟成金鲷
春夏主厨限定推荐,火炙鹅肝伴带子Taco,48.0,份,火炙鹅肝伴带子Taco
春夏主厨限定推荐,金枪鱼刺身盛,218.0,份,金枪鱼刺身盛
春夏主厨限定推荐,飘雪芝士炙烤左口鱼裙边寿司,38.0,份,飘雪芝士炙烤左口鱼裙边寿司
春夏主厨限定推荐,鹅肝手卷（每人限购一份，多点无效）,9.7,份,鹅肝手卷（每人限购一份，多点无效）
新推料理,唐扬鱿鱼须配墨西哥酱,71.7,份,唐扬鱿鱼须配墨西哥酱
新推料理,日式炸鸡块配西西里酱,58.6,份,日式炸鸡块配西西里酱
新推料理,赤红虾carpaccio,22.5,份,赤红虾carpaccio
新推料理,鮨政招牌沙拉,93.3,份,鮨政招牌沙拉
新推料理,黑松露帕玛森芝士薯条,64.8,份,黑松露帕玛森芝士薯条
新推料理,黑松露玛帕森芝士薯条,0,份,黑松露玛帕森芝士薯条
酒肴料理,三文鱼籽海胆茶碗蒸,37.6,份,三文鱼籽海胆茶碗蒸
酒肴料理,原烤大扇贝,66.9,份,原烤大扇贝
酒肴料理,安格斯香煎牛小排,296.9,份,安格斯香煎牛小排
酒肴料理,海胆酱烤原只小青龙,228.0,份,海胆酱烤原只小青龙
酒肴料理,红酒鹅肝,47.7,份,红酒鹅肝
酒肴料理,黑椒盐烤三文鱼头,67.7,份,黑椒盐烤三文鱼头
主厨推荐,枪鱿鱼,48.0,份,枪鱿鱼
扬物类,一尾星鳗天妇罗,57.4,份,一尾星鳗天妇罗
扬物类,石斑紫苏梅子天妇罗,67.1,份,石斑紫苏梅子天妇罗
扬物类,紫苏纹甲鱿鱼天妇罗,57.2,份,紫苏纹甲鱿鱼天妇罗
扬物类,蟹钳天妇罗,88.0,份,蟹钳天妇罗
铁板烧单品,培根菠菜,67.4,份,培根菠菜
铁板烧单品,季节蔬菜,47.6,份,季节蔬菜
铁板烧单品,安格斯牛小排（约150g）,291.2,份,安格斯牛小排（约150g）
铁板烧单品,安格斯牛小排（约250g）,398.0,份,安格斯牛小排（约250g）
铁板烧单品,时令沙拉,37.7,份,时令沙拉
铁板烧单品,比目鱼扒,97.4,份,比目鱼扒
铁板烧单品,法国鳕鱼厚烧,196.6,份,法国鳕鱼厚烧
铁板烧单品,炒饭,0,份,炒饭
铁板烧单品,牛小排厚烧,393.0,份,牛小排厚烧
铁板烧单品,牛小排厚烧（约200g）,395.1,份,牛小排厚烧（约200g）
铁板烧单品,牛肉炒饭,86.3,份,牛肉炒饭
铁板烧单品,甄选谷饲·澳洲和牛 …煎霜降西冷,394.6,份,甄选谷饲·澳洲和牛 …煎霜降西冷
铁板烧单品,菲力厚烧,187.1,份,菲力厚烧
铁板烧单品,蒜香牛肩胛薄烧,127.6,份,蒜香牛肩胛薄烧
铁板烧单品,铁板小青龙,298.0,份,铁板小青龙
铁板烧单品,铁板牛舌,187.2,份,铁板牛舌
铁板烧单品,铁板牛舌芯,167.4,份,铁板牛舌芯
铁板烧单品,铁板银芽,47.5,份,铁板银芽
铁板烧单品,铁板香煎黄花鱼,166.7,份,铁板香煎黄花鱼
铁板烧单品,铁板鲍鱼伴肝酱,57.3,份,铁板鲍鱼伴肝酱
铁板烧单品,铁板鹅肝多士,137.3,份,铁板鹅肝多士
铁板烧单品,银鳕鱼厚烧,195.0,份,银鳕鱼厚烧
铁板烧单品,雪花黑牛西冷（精修150g）,598.0,份,雪花黑牛西冷（精修150g）
铁板烧单品,雪花黑牛西冷（精修250g）,888.0,份,雪花黑牛西冷（精修250g）
铁板烧单品,鲍鱼伴肝酱,57.7,份,鲍鱼伴肝酱
铁板烧单品,黑松露鹅肝炒饭,126.9,份,黑松露鹅肝炒饭
铁板烧单品,黑虎虾两只,156.8,份,黑虎虾两只
铁板套餐菜品,（套）三文鱼刺身x4,98.4,份,（套）三文鱼刺身x4
铁板套餐菜品,（套）三文鱼腩寿司x2,98.4,份,（套）三文鱼腩寿司x2
铁板套餐菜品,（套）东山岛枪乌贼,53.3,份,（套）东山岛枪乌贼
铁板套餐菜品,（套）低温慢煮牛舌厚烧,27.1,份,（套）低温慢煮牛舌厚烧
铁板套餐菜品,（套）刺身二切,25.7,份,（套）刺身二切
铁板套餐菜品,（套）北极甜虾x6,98.4,份,（套）北极甜虾x6
铁板套餐菜品,（套）味淋鮟鱇鱼干,53.3,份,（套）味淋鮟鱇鱼干
铁板套餐菜品,（套）味盐枝豆,53.3,份,（套）味盐枝豆
铁板套餐菜品,（套）季节水果沙拉,53.4,份,（套）季节水果沙拉
铁板套餐菜品,（套）安格斯牛小排150g,53.3,份,（套）安格斯牛小排150g
铁板套餐菜品,（套）干式熟成黄油鸡腿,53.3,份,（套）干式熟成黄油鸡腿
铁板套餐菜品,（套）时令汤品,25.7,份,（套）时令汤品
铁板套餐菜品,（套）时令汤品1,0,份,（套）时令汤品1
铁板套餐菜品,（套）时令汤品x2,53.4,份,（套）时令汤品x2
铁板套餐菜品,（套）时令汤品x4,98.4,份,（套）时令汤品x4
铁板套餐菜品,（套）时令沙拉,29.6,份,（套）时令沙拉
铁板套餐菜品,（套）时令甜品x2,53.4,份,（套）时令甜品x2
铁板套餐菜品,（套）时令甜品x4,98.4,份,（套）时令甜品x4
铁板套餐菜品,（套）时令饮物,98.4,份,（套）时令饮物
铁板套餐菜品,（套）梅渍小番茄,53.4,份,（套）梅渍小番茄
铁板套餐菜品,（套）法国鳕鱼厚烧,27.3,份,（套）法国鳕鱼厚烧
铁板套餐菜品,（套）海鲜杂锦天妇罗,98.4,份,（套）海鲜杂锦天妇罗
铁板套餐菜品,（套）海鲜茶碗蒸,26.7,份,（套）海鲜茶碗蒸
铁板套餐菜品,（套）满满鱼生tacox4,98.4,份,（套）满满鱼生tacox4
铁板套餐菜品,（套）澳洲小青龙,53.3,份,（套）澳洲小青龙
铁板套餐菜品,（套）炙烤大满足鹅肝寿司x2,98.4,份,（套）炙烤大满足鹅肝寿司x2
铁板套餐菜品,（套）炙烤平目鱼群边寿司x2,98.4,份,（套）炙烤平目鱼群边寿司x2
铁板套餐菜品,（套）牛奶布丁,25.7,份,（套）牛奶布丁
铁板套餐菜品,（套）牛小排厚烧,29.5,份,（套）牛小排厚烧
铁板套餐菜品,（套）牛肉炒饭,53.4,份,（套）牛肉炒饭
铁板套餐菜品,（套）特色饮品一杯,25.7,份,（套）特色饮品一杯
铁板套餐菜品,（套）章红鱼刺身x4,98.4,份,（套）章红鱼刺身x4
铁板套餐菜品,（套）紫苏纹甲鱿鱼寿司x2,98.4,份,（套）紫苏纹甲鱿鱼寿司x2
铁板套餐菜品,（套）茶碗蒸,25.7,份,（套）茶碗蒸
铁板套餐菜品,（套）茶碗蒸1,0,份,（套）茶碗蒸1
铁板套餐菜品,（套）菲力厚烧,19.6,份,（套）菲力厚烧
铁板套餐菜品,（套）蒜香牛肩胛薄烧,16.4,份,（套）蒜香牛肩胛薄烧
铁板套餐菜品,（套）蓝鳍金枪鱼赤身刺身x4,98.4,份,（套）蓝鳍金枪鱼赤身刺身x4
铁板套餐菜品,（套）虾仁果蔬沙拉,98.4,份,（套）虾仁果蔬沙拉
铁板套餐菜品,（套）越光米饭,25.7,份,（套）越光米饭
铁板套餐菜品,（套）铁板时蔬,25.7,份,（套）铁板时蔬
铁板套餐菜品,（套）铁板活鲍鱼x2只,53.3,份,（套）铁板活鲍鱼x2只
铁板套餐菜品,（套）长长长战斧牛排,98.4,份,（套）长长长战斧牛排
铁板套餐菜品,（套）雪花黑牛西冷厚烧,43.3,份,（套）雪花黑牛西冷厚烧
铁板套餐菜品,（套）香煎比目鱼,25.7,份,（套）香煎比目鱼
铁板套餐菜品,（套）鲍鱼伴肝酱,25.7,份,（套）鲍鱼伴肝酱
铁板套餐菜品,（套）鹅肝多士,25.7,份,（套）鹅肝多士
铁板套餐菜品,（套）黑松露金鲷寿司x2,98.4,份,（套）黑松露金鲷寿司x2
铁板套餐菜品,特色甜品,25.3,份,特色甜品
汤品,味噌汤,9.5,份,味噌汤
人气丼饭,【和风精选】蒲烧鳗鱼丼,54.7,份,【和风精选】蒲烧鳗鱼丼
人气丼饭,三文鱼亲子丼,88.0,份,三文鱼亲子丼
人气丼饭,和风牛肉丼,110.9,份,和风牛肉丼
人气丼饭,流心鹅肝和牛丼,152.9,份,流心鹅肝和牛丼
人气丼饭,蒲烧鳗鱼丼饭,47.2,份,蒲烧鳗鱼丼饭
人气丼饭,角切鱼生丼,87.1,份,角切鱼生丼
人气丼饭,角切鱼生丼饭,51.7,份,角切鱼生丼饭
人气丼饭,鮨政三色丼,284.5,份,鮨政三色丼
迷你丼饭,三文鱼亲子Mini丼,42.9,份,三文鱼亲子Mini丼
迷你丼饭,满杯甜虾Mini丼,52.6,份,满杯甜虾Mini丼
迷你丼饭,满杯鹅肝Mini丼,72.2,份,满杯鹅肝Mini丼
迷你丼饭,蒲烧鳗鱼Mini丼,45.4,份,蒲烧鳗鱼Mini丼
迷你丼饭,香葱金枪鱼Mini丼,44.9,份,香葱金枪鱼Mini丼
主食类,味增汤,27.8,份,味增汤
主食类,地狱汤拉面,67.6,份,地狱汤拉面
主食类,小份豚骨汤拉面,34.0,份,小份豚骨汤拉面
主食类,小份鳗鱼饭,0,份,小份鳗鱼饭
主食类,洋葱牛肉饭,96.0,份,洋葱牛肉饭
主食类,流心鹅肝和牛肉丼,196.9,份,流心鹅肝和牛肉丼
主食类,流心鹅肝牛肉丼,197.2,份,流心鹅肝牛肉丼
主食类,海鲜汤,47.6,份,海鲜汤
主食类,牛肉鹅肝流心丼,156.4,份,牛肉鹅肝流心丼
主食类,蒲烧鳗鱼丼,66.5,份,蒲烧鳗鱼丼
主食类,蒲烧鳗鱼饭,66.0,份,蒲烧鳗鱼饭
主食类,角切鱼生丼（限定）,57.6,份,角切鱼生丼（限定）
主食类,豚骨汤拉面,67.0,份,豚骨汤拉面
主食类,金枪鱼饭,198.0,份,金枪鱼饭
主食类,鲷鱼汤1,27.5,份,鲷鱼汤1
主食类,鹅肝流心丼,158.0,份,鹅肝流心丼
寿司套餐系列,单人享用商务餐,63.0,份,单人享用商务餐
寿司套餐系列,寿司自选12贯,137.9,份,寿司自选12贯
寿司套餐系列,寿司自选20贯,264.4,份,寿司自选20贯
寿司套餐系列,寿司自选8贯,77.9,份,寿司自选8贯
寿司套餐系列,御宴・盛合 20 贯,271.0,份,御宴・盛合 20 贯
寿司套餐系列,炙烤壽司盛（12贯）,157.5,份,炙烤壽司盛（12贯）
寿司套餐系列,炙烤寿司盛（12贯）,185.8,份,炙烤寿司盛（12贯）
寿司套餐系列,炙烤寿司盛12贯,151.5,份,炙烤寿司盛12贯
寿司套餐系列,玉盘・臻享 12 贯,144.9,份,玉盘・臻享 12 贯
寿司套餐系列,珍馐·极选 8 贯,78.4,份,珍馐·极选 8 贯
寿司套餐系列,珍馐・极选 8 贯,75.8,份,珍馐・极选 8 贯
寿司套餐系列,自选寿司8贯,78.2,份,自选寿司8贯
自选寿司套餐系列,焼き壽司盛,139.3,份,焼き壽司盛
单人·Omakase套餐,(增送)章红鱼寿司之神,0,份,(增送)章红鱼寿司之神
单人·Omakase套餐,398套餐,0,份,398套餐
单人·Omakase套餐,【工作日限定】午间单人定食,77.6,份,【工作日限定】午间单人定食
单人·Omakase套餐,Omakase(vip限定)888,888.0,份,Omakase(vip限定)888
单人·Omakase套餐,VIP限定·Omakase·单人·888,888.0,份,VIP限定·Omakase·单人·888
单人·Omakase套餐,VIP限定·Omakase·单人御献立,888.0,份,VIP限定·Omakase·单人御献立
单人·Omakase套餐,主厨发办·Omakase·单人·688,926.3,份,主厨发办·Omakase·单人·688
单人·Omakase套餐,主厨发办·Omakase·单人·708,863.4,份,主厨发办·Omakase·单人·708
单人·Omakase套餐,主厨发办·Omakase·单人·茉,1022.6,份,主厨发办·Omakase·单人·茉
单人·Omakase套餐,主厨发办·Omakase·单人·茉御献立,947.8,份,主厨发办·Omakase·单人·茉御献立
单人·Omakase套餐,保乐肩牛肉,48.0,份,保乐肩牛肉
单人·Omakase套餐,厨师发办·Omakase·单人,257.7,份,厨师发办·Omakase·单人
单人·Omakase套餐,厨师发办·Omakase·单人·348,343.5,份,厨师发办·Omakase·单人·348
单人·Omakase套餐,厨师发办·Omakase·单人·368,305.2,份,厨师发办·Omakase·单人·368
单人·Omakase套餐,厨师发办·Omakase·夏单人御献立,347.1,份,厨师发办·Omakase·夏单人御献立
单人·Omakase套餐,和牛鹅肝卷,66.8,份,和牛鹅肝卷
单人·Omakase套餐,和牛鹅肝拌无菌蛋,68.0,份,和牛鹅肝拌无菌蛋
单人·Omakase套餐,夏.Omakase·单人御献立,308.7,份,夏.Omakase·单人御献立
单人·Omakase套餐,夏.厨师发办·Omakase·单人,337.9,份,夏.厨师发办·Omakase·单人
单人·Omakase套餐,夏·Omakase·单人·348,339.9,份,夏·Omakase·单人·348
单人·Omakase套餐,夏·Omakase·单人御献l,334.8,份,夏·Omakase·单人御献l
单人·Omakase套餐,夏·Omakase·单人御献立,313.5,份,夏·Omakase·单人御献立
单人·Omakase套餐,夏·Omakase·单人御献立348,341.3,份,夏·Omakase·单人御献立348
单人·Omakase套餐,夏·Omakase·单人御献立·348,122.9,份,夏·Omakase·单人御献立·348
单人·Omakase套餐,夏·Omakase·单人御献立·368,260.6,份,夏·Omakase·单人御献立·368
单人·Omakase套餐,奢享·Omakase单人御献立,368.0,份,奢享·Omakase单人御献立
单人·Omakase套餐,家庭合欢·Omakase·三人御献立,498.0,份,家庭合欢·Omakase·三人御献立
单人·Omakase套餐,尊享·Omakase御献立,1293.5,份,尊享·Omakase御献立
单人·Omakase套餐,心形海胆,198.0,份,心形海胆
单人·Omakase套餐,必吃单人套餐,398.0,份,必吃单人套餐
单人·Omakase套餐,战斧牛排·双人·Omakase,0,份,战斧牛排·双人·Omakase
单人·Omakase套餐,打包盒1,1.0,份,打包盒1
单人·Omakase套餐,松叶蟹伴醋冻,88.0,份,松叶蟹伴醋冻
单人·Omakase套餐,松叶蟹拌醋冻,88.0,份,松叶蟹拌醋冻
单人·Omakase套餐,松叶蟹腿刺身,88.0,份,松叶蟹腿刺身
单人·Omakase套餐,桃·omakase 单人御献立,297.6,份,桃·omakase 单人御献立
单人·Omakase套餐,樱·Omakase人御献立,0,份,樱·Omakase人御献立
单人·Omakase套餐,水晶·Omakase·单人御献立,61.8,份,水晶·Omakase·单人御献立
单人·Omakase套餐,水晶·Omakase·单人御献立·248,248.0,份,水晶·Omakase·单人御献立·248
单人·Omakase套餐,海胆甜筒套餐,398.0,份,海胆甜筒套餐
单人·Omakase套餐,海陆空·铁板Omakase·双人御献立,0,份,海陆空·铁板Omakase·双人御献立
单人·Omakase套餐,海陆空单人,349.0,份,海陆空单人
单人·Omakase套餐,澳洲和牛卷山苏叶,86.3,份,澳洲和牛卷山苏叶
单人·Omakase套餐,炸带子,58.0,份,炸带子
单人·Omakase套餐,甘雕立鳞烧,48.0,份,甘雕立鳞烧
单人·Omakase套餐,章红鱼寿司1,0,份,章红鱼寿司1
单人·Omakase套餐,紫苏金枪鱼腹,58.0,份,紫苏金枪鱼腹
单人·Omakase套餐,联名金枪鱼鱼子酱,0,份,联名金枪鱼鱼子酱
单人·Omakase套餐,联名鱼子酱海胆金枪鱼泥,108.0,份,联名鱼子酱海胆金枪鱼泥
单人·Omakase套餐,芝士焗小青龙,292.2,份,芝士焗小青龙
单人·Omakase套餐,茉·Omakase·单人·688,671.8,份,茉·Omakase·单人·688
单人·Omakase套餐,茉·Omakase·单人御献l,705.5,份,茉·Omakase·单人御献l
单人·Omakase套餐,茉·Omakase·单人御献立,682.5,份,茉·Omakase·单人御献立
单人·Omakase套餐,茉·Omakase·单人御献立688,1035.0,份,茉·Omakase·单人御献立688
单人·Omakase套餐,茉·Omakase·单人御献立·688,681.4,份,茉·Omakase·单人御献立·688
单人·Omakase套餐,茉·Omakase·单人御献立·708,708.0,份,茉·Omakase·单人御献立·708
单人·Omakase套餐,茉·Omakase·双人·1314,1105.3,份,茉·Omakase·双人·1314
单人·Omakase套餐,茉·Omakase人御献立,1023.1,份,茉·Omakase人御献立
单人·Omakase套餐,补差价,50.0,份,补差价
单人·Omakase套餐,豚骨汤面,58.0,份,豚骨汤面
单人·Omakase套餐,赠送可尔必思,0,份,赠送可尔必思
单人·Omakase套餐,赠送可尔比必思,0,份,赠送可尔比必思
单人·Omakase套餐,赠送小碗拉面,0,份,赠送小碗拉面
单人·Omakase套餐,赠送小碗鱼生饭,0,份,赠送小碗鱼生饭
单人·Omakase套餐,赠送小碗鳗鱼饭,0,份,赠送小碗鳗鱼饭
单人·Omakase套餐,赠送左口鱼裙边寿司,0,份,赠送左口鱼裙边寿司
单人·Omakase套餐,赠送文甲鱿鱼寿司,0,份,赠送文甲鱿鱼寿司
单人·Omakase套餐,赠送水果,0,份,赠送水果
单人·Omakase套餐,赠送沙冰,0,份,赠送沙冰
单人·Omakase套餐,赠送草莓汁,0,份,赠送草莓汁
单人·Omakase套餐,赠送鳕鱼片,0,份,赠送鳕鱼片
单人·Omakase套餐,赠送黑松露金雕鲷寿司,0,份,赠送黑松露金雕鲷寿司
单人·Omakase套餐,赤红虾寿司1,66.9,份,赤红虾寿司1
单人·Omakase套餐,迟鱼王刺身,88.0,份,迟鱼王刺身
单人·Omakase套餐,醋饭,0,份,醋饭
单人·Omakase套餐,金鲷鱼薄切15,158.0,份,金鲷鱼薄切15
单人·Omakase套餐,飘雪鹅肝金枪鱼中腹,58.0,份,飘雪鹅肝金枪鱼中腹
单人·Omakase套餐,鳗鱼寿司,0,份,鳗鱼寿司
板前单人·Omakase,茉·Omakase单人御献立,827.1,份,茉·Omakase单人御献立
线上团购,【抖音】一式·Omakase单人御献立,227.4,份,【抖音】一式·Omakase单人御献立|【抖音】一式·omakase单人御献立
线上团购,【抖音】一式·Omakase双人御献立,431.0,份,【抖音】一式·Omakase双人御献立|【抖音】一式·omakase双人御献立
线上团购,【美团】一式 · Omakase双人御献立,461.6,份,【美团】一式 · Omakase双人御献立|【美团】一式 ·omakase双人御献立
线上团购,（大众）奢享·Omakase单人御献立,367.6,份,（大众）奢享·Omakase单人御献立
线上团购,（大众/美团）三文鱼刺身拼盘,104.3,份,（大众/美团）三文鱼刺身拼盘
线上团购,（大众/美团）儿童优选套餐.,96.1,份,（大众/美团）儿童优选套餐.
线上团购,（大众/美团）大满足鹅肝手卷,9.9,份,（大众/美团）大满足鹅肝手卷
线上团购,（大众/美团）奢享·Omakase单人御献立,365.0,份,（大众/美团）奢享·Omakase单人御献立
线上团购,（大众/美团）桃·Omakase·单人,291.1,份,（大众/美团）桃·Omakase·单人
线上团购,（大众/美团）鮨政EXP·特色甜品,19.5,份,（大众/美团）鮨政EXP·特色甜品
线上团购,（大众/美团·工作日限定）午间单人定食,78.8,份,（大众/美团·工作日限定）午间单人定食
线上团购,（抖音）奢享 ·单人omakase御献立,368.0,份,（抖音）奢享 ·单人omakase御献立
线上团购,（抖音）桃·omakase单人,297.9,份,（抖音）桃·omakase单人
线上团购,（抖音·生日）一式Omakase雙人御獻立,0,份,（抖音·生日）一式Omakase雙人御獻立
线上团购,（生日专属）水晶·Omakase双人,378.0,份,（生日专属）水晶·Omakase双人
线上团购,398单人餐,398.0,份,398单人餐
线上团购,【大众】水晶· Omakase双人御献立,459.3,份,【大众】水晶· Omakase双人御献立
线上团购,【大众】茉·Omakase单人御献立,674.9,份,【大众】茉·Omakase单人御献立
线上团购,【大众】茉·三式·Omakase双人御献立,1311.6,份,【大众】茉·三式·Omakase双人御献立
线上团购,【套餐加购】大满足系列·巨无霸寿司,91.5,份,【套餐加购】大满足系列·巨无霸寿司
线上团购,【抖音】三式·Omakase双人御献立,1311.0,份,【抖音】三式·Omakase双人御献立
线上团购,【抖音】三式・Omakase 单人御献立,675.0,份,【抖音】三式・Omakase 单人御献立
线上团购,【抖音】三文鱼刺身拼盘,117.4,份,【抖音】三文鱼刺身拼盘
线上团购,【抖音】二式·Omakase单人御献立,329.4,份,【抖音】二式·Omakase单人御献立
线上团购,【抖音】二式·Omakase双人御献立,657.5,份,【抖音】二式·Omakase双人御献立
线上团购,【抖音】儿童优选套餐,76.7,份,【抖音】儿童优选套餐
线上团购,【抖音】吉列带子,0,份,【抖音】吉列带子
线上团购,【抖音】夏·Omakase单人御献立,328.7,份,【抖音】夏·Omakase单人御献立
线上团购,【抖音】夏·Omakase双人御献立,593.1,份,【抖音】夏·Omakase双人御献立
线上团购,【抖音】大满足鹅肝手卷,9.9,份,【抖音】大满足鹅肝手卷
线上团购,【抖音】家庭合欢·Omakase·三人预献立,498.0,份,【抖音】家庭合欢·Omakase·三人预献立
线上团购,【抖音】水晶·Omakase单人御献立,209.6,份,【抖音】水晶·Omakase单人御献立
线上团购,【抖音】水晶·Omakase双人御献立,438.8,份,【抖音】水晶·Omakase双人御献立
线上团购,【抖音】水晶·极尚刺身世界,90.0,份,【抖音】水晶·极尚刺身世界
线上团购,【抖音】私享·Omakase·双人御献立,785.8,份,【抖音】私享·Omakase·双人御献立
线上团购,【抖音】茉·三式·Omakase双人御献立,1312.0,份,【抖音】茉·三式·Omakase双人御献立
线上团购,【抖音】银鳕脆片,0,份,【抖音】银鳕脆片
线上团购,【抖音】限定·Omakase·御献立,1314.0,份,【抖音】限定·Omakase·御献立
线上团购,【抖音】鮨政EXP·特色甜品,19.8,份,【抖音】鮨政EXP·特色甜品
线上团购,【抖音】鮨政·枝豆,1.0,份,【抖音】鮨政·枝豆
线上团购,【抖音】鮨政·流心鹅肝手卷,29.9,份,【抖音】鮨政·流心鹅肝手卷
线上团购,【抖音】鮨政·秒杀单品,29.9,份,【抖音】鮨政·秒杀单品
线上团购,【抖音】鮨政·章红鱼寿司,1.0,份,【抖音】鮨政·章红鱼寿司
线上团购,【抖音】鮨政·蒲烧鳗鱼寿司,9.9,份,【抖音】鮨政·蒲烧鳗鱼寿司
线上团购,【抖音】鮨政·蒲烧鳗鱼手卷,9.9,份,【抖音】鮨政·蒲烧鳗鱼手卷
线上团购,【抖音·生日】一式·Omakase单人御献立,117.3,份,【抖音·生日】一式·Omakase单人御献立
线上团购,【抖音·霸王餐】一式 · Omakase单人御献立,0.0,份,【抖音·霸王餐】一式 · Omakase单人御献立
线上团购,【美团】一式 · Omakase单人御献立,233.9,份,【美团】一式 · Omakase单人御献立
线上团购,【美团】一式 ·omakese单人御献立,229.4,份,【美团】一式 ·omakese单人御献立
线上团购,【美团】三式·Omakase单人御献立,675.8,份,【美团】三式·Omakase单人御献立
线上团购,【美团】三式·Omakase双人御献立,1311.6,份,【美团】三式·Omakase双人御献立
线上团购,【美团】二式·Omakase单人御献立,335.5,份,【美团】二式·Omakase单人御献立
线上团购,【美团】二式·Omakase双人御献立,658.9,份,【美团】二式·Omakase双人御献立
线上团购,【美团】夏·Omakase单人御献立,335.6,份,【美团】夏·Omakase单人御献立
线上团购,【美团】夏·Omakase双人御献立,656.9,份,【美团】夏·Omakase双人御献立
线上团购,【美团】家庭合欢·Omakase·三人预献立,495.0,份,【美团】家庭合欢·Omakase·三人预献立
线上团购,【美团】极尚刺身世界,166.3,份,【美团】极尚刺身世界
线上团购,【美团】笙·Omakase双人御献立,0,份,【美团】笙·Omakase双人御献立
线上团购,【美团】限定·Omakase·御献立,785.0,份,【美团】限定·Omakase·御献立
线上团购,【美团】鮨政·枝豆,1.0,份,【美团】鮨政·枝豆
线上团购,【美团】鮨政·章红鱼寿司,1.0,份,【美团】鮨政·章红鱼寿司
线上团购,【美团·必吃节】限定·Omakase·双人御献立,786.0,份,【美团·必吃节】限定·Omakase·双人御献立
线上团购,【美团·必吃节】限定·Omakase·双人御献立1,779.6,份,【美团·必吃节】限定·Omakase·双人御献立1
线上团购,【美团·橙V】二式·单人+水晶刺身,276.8,份,【美团·橙V】二式·单人+水晶刺身
线上团购,【美团·生日】一式·Omakase单人御献立,114.0,份,【美团·生日】一式·Omakase单人御献立
线上团购,【美团·生日】一式·Omakase双人御献立,378.0,份,【美团·生日】一式·Omakase双人御献立
线上团购,【美团·霸王餐】一式 · Omakase单人御献立,0.0,份,【美团·霸王餐】一式 · Omakase单人御献立
线上团购,【高德】一式 · Omakase单人御献立,218.0,份,【高德】一式 · Omakase单人御献立
线上团购,【高德】一式 · Omakase双人御献立,428.6,份,【高德】一式 · Omakase双人御献立
线上团购,【高德】三式 · Omakase单人御献立,678.0,份,【高德】三式 · Omakase单人御献立
线上团购,【高德】三式 · Omakase双人御献立,1314.0,份,【高德】三式 · Omakase双人御献立
线上团购,【高德】二式 · Omakase单人御献立,335.0,份,【高德】二式 · Omakase单人御献立
线上团购,【高德】二式 · Omakase双人御献立,634.6,份,【高德】二式 · Omakase双人御献立
线上团购,五选一,81.4,份,五选一
线上团购,初鮨·Rolls·单人御献立,125.8,份,初鮨·Rolls·单人御献立
线上团购,初鮨·Rolls·双人御献立,245.0,份,初鮨·Rolls·双人御献立
线上团购,套餐升级费,50.0,份,套餐升级费
线上团购,巨型寿司五选一,96.5,份,巨型寿司五选一
线上团购,巨型寿司五选二,88.0,份,巨型寿司五选二
线上团购,巨寿司,86.5,份,巨寿司
线上团购,抖音29.9矶煮鲍鱼拌肝酱,29.9,份,抖音29.9矶煮鲍鱼拌肝酱
线上团购,抖音98巨型寿司套餐,92.1,份,抖音98巨型寿司套餐
线上团购,抖音团购 杂菜天妇罗,29.9,份,抖音团购 杂菜天妇罗
线上团购,抖音杂菜天妇罗,29.9,份,抖音杂菜天妇罗
线上团购,抖音鲍鱼伴肝酱,29.9,份,抖音鲍鱼伴肝酱
线上团购,旬卷·Rolls·单人御献立,286.5,份,旬卷·Rolls·单人御献立
线上团购,旬卷·Rolls·双人御献立,568.0,份,旬卷·Rolls·双人御献立
线上团购,杂菜天妇罗1,29.9,份,杂菜天妇罗1
线上团购,杂菜天妇罗。,29.9,份,杂菜天妇罗。
线上团购,柠檬水,8.0,份,柠檬水
线上团购,水晶霸王餐,0,份,水晶霸王餐
线上团购,玲珑蜜瓜（大众）,8.8,份,玲珑蜜瓜（大众）
线上团购,生日专属 水晶双人,378.0,份,生日专属 水晶双人
线上团购,生日专属  水晶双人御献立,378.0,份,生日专属  水晶双人御献立
线上团购,生日小蛋糕,0,份,生日小蛋糕
线上团购,生日蛋糕,0,份,生日蛋糕
线上团购,矶煮鲍鱼伴肝酱1,29.9,份,矶煮鲍鱼伴肝酱1
线上团购,私享omakase单人,788.0,份,私享omakase单人
线上团购,美团98巨型寿司套餐,91.5,份,美团98巨型寿司套餐
线上团购,臻选限定.Omakase单人御献立,397.9,份,臻选限定.Omakase单人御献立
线上团购,赤红虾,57.5,份,赤红虾
线上团购,铁板限量黄花鱼,142.2,份,铁板限量黄花鱼
套餐,厨师发办·Omakase348,345.4,份,厨师发办·Omakase348|厨师发办·Omakase 348
套餐,（京东）外卖菜品0.01,0.0,份,（京东）外卖菜品0.01
套餐,（京东）外卖菜品0.1,79.2,份,（京东）外卖菜品0.1
套餐,（京东）外卖菜品1,186.5,份,（京东）外卖菜品1
套餐,（商场）二式·Omakase·单人御献立（288）,318.0,份,（商场）二式·Omakase·单人御献立（288）
套餐,（小红书）海胆塔可,198.0,份,（小红书）海胆塔可
套餐,（快手）一式·Omakase·单人御献立,0,份,（快手）一式·Omakase·单人御献立
套餐,（快手）二式·Omakase·单人御献立,0,份,（快手）二式·Omakase·单人御献立
套餐,（招商）一式·Omakase·单人御献立,184.5,份,（招商）一式·Omakase·单人御献立
套餐,（美味）单人·Omakase（置换）,12.8,份,（美味）单人·Omakase（置换）
套餐,（美味）樱之食·单人Omakase（168）,0,份,（美味）樱之食·单人Omakase（168）
套餐,（菜单）9.9鹅肝手卷,9.8,份,（菜单）9.9鹅肝手卷
套餐,（菜单）vip·Omakase·双人餐,1677.9,份,（菜单）vip·Omakase·双人餐
套餐,（菜单）单人限定• Omakase,688.0,份,（菜单）单人限定• Omakase
套餐,（菜单）双人限定• Omakase,1314.0,份,（菜单）双人限定• Omakase
套餐,（菜单）水晶·Omakase·单人,248.0,份,（菜单）水晶·Omakase·单人
套餐,（菜单）海胆热狗塔可,148.5,份,（菜单）海胆热狗塔可
套餐,（菜单）罗蒂·Omakase·双人餐,1314.0,份,（菜单）罗蒂·Omakase·双人餐
套餐,Omakase,398.0,份,Omakase
套餐,Omakase(vip限定),888.0,份,Omakase(vip限定)
套餐,三文鱼头,58.0,份,三文鱼头
套餐,九节虾天妇罗,66.7,份,九节虾天妇罗
套餐,保乐肩牛肉1,47.1,份,保乐肩牛肉1
套餐,北极贝刺身,97.7,份,北极贝刺身
套餐,半板海胆,589.5,份,半板海胆
套餐,半板鱼子酱,0,份,半板鱼子酱
套餐,半熟虎虾寿司（全熟）,38.0,份,半熟虎虾寿司（全熟）
套餐,厨师发办·Omakase228,259.5,份,厨师发办·Omakase228
套餐,厨师发办·Omakase328,394.8,份,厨师发办·Omakase328
套餐,厨师发办·Omakase528,0,份,厨师发办·Omakase528
套餐,厨师发办·Omakase 688,688.0,份,厨师发办·Omakase 688
套餐,和牛寿喜烧,107.3,份,和牛寿喜烧
套餐,和风牛肉饭,125.5,份,和风牛肉饭
套餐,嗨棒,48.0,份,嗨棒
套餐,墨鱼仔伴西西里,57.0,份,墨鱼仔伴西西里
套餐,天夫罗手卷,0,份,天夫罗手卷
套餐,定食套餐140元,140.0,份,定食套餐140元
套餐,小竹荚鱼寿司,0,份,小竹荚鱼寿司
套餐,左口鱼裙边寿司,0,份,左口鱼裙边寿司
套餐,整条鲷鱼,268.0,份,整条鲷鱼
套餐,星曼寿司,0,份,星曼寿司
套餐,果蔬汁,38.0,份,果蔬汁
套餐,果蔬菜汁,28.0,份,果蔬菜汁
套餐,比目鱼寿司,0,份,比目鱼寿司
套餐,水晶·omakase双人御献立,0,份,水晶·omakase双人御献立
套餐,水晶刺身世界,198.0,份,水晶刺身世界
套餐,水晶刺身拼盘,194.6,份,水晶刺身拼盘
套餐,水晶球刺身,198.0,份,水晶球刺身
套餐,汤物,0,份,汤物
套餐,海胆三色·焦糖可颂,0,份,海胆三色·焦糖可颂
套餐,海胆塔可1,198.0,份,海胆塔可1
套餐,海胆甜筒卷,96.2,份,海胆甜筒卷
套餐,海胆酱烤大虎虾,106.8,份,海胆酱烤大虎虾
套餐,澳洲和牛卷野山椒,98.0,份,澳洲和牛卷野山椒
套餐,澳洲和牛卷野山蔬,98.0,份,澳洲和牛卷野山蔬
套餐,澳洲牛肉卷山苏叶,92.0,份,澳洲牛肉卷山苏叶
套餐,澳洲牛肉山苏卷,96.1,份,澳洲牛肉山苏卷
套餐,炙烤金枪鱼寿司,0,份,炙烤金枪鱼寿司
套餐,烤三文鱼头,88.0,份,烤三文鱼头
套餐,烤物&渍物,0,份,烤物&渍物
套餐,牛肉三明治,87.9,份,牛肉三明治
套餐,獭祭二割三分,368.0,份,獭祭二割三分
套餐,獭祭二割三分（1壶）,365.5,份,獭祭二割三分（1壶）
套餐,玉子烧,38.0,份,玉子烧
套餐,甘鲷立麟烧,67.1,份,甘鲷立麟烧
套餐,甸の秋·松叶蟹,280.0,份,甸の秋·松叶蟹
套餐,盐岩炙烤雪花牛肉,97.4,份,盐岩炙烤雪花牛肉
套餐,盐烤金枪鱼中腹,78.0,份,盐烤金枪鱼中腹
套餐,盐盐炙烤雪花牛肉,97.1,份,盐盐炙烤雪花牛肉
套餐,竹夹鱼寿司,40.0,份,竹夹鱼寿司
套餐,竹荚鱼寿司,67.5,份,竹荚鱼寿司
套餐,紫苏海胆天妇罗,198.0,份,紫苏海胆天妇罗
套餐,紫苏鱿鱼,0,份,紫苏鱿鱼
套餐,绵绵冰沙,38.0,份,绵绵冰沙
套餐,羌鱿鱼二切,68.0,份,羌鱿鱼二切
套餐,联名海胆鱼子酱一份,298.0,份,联名海胆鱼子酱一份
套餐,芝士年糕,27.5,份,芝士年糕
套餐,虎虾手卷,0,份,虎虾手卷
套餐,角切鱼生迷你,0,份,角切鱼生迷你
套餐,角切鱼生饭,148.0,份,角切鱼生饭
套餐,角切鱼生饭2,148.0,份,角切鱼生饭2
套餐,角切鱼生饭3,148.0,份,角切鱼生饭3
套餐,角切鱼生饭4,148.0,份,角切鱼生饭4
套餐,角切鱼生饭5,148.0,份,角切鱼生饭5
套餐,角切鱼生饭6,148.0,份,角切鱼生饭6
套餐,角切鱼生饭7,148.0,份,角切鱼生饭7
套餐,角切鱼生饭8,148.0,份,角切鱼生饭8
套餐,豪华角切鱼生饭,0,份,豪华角切鱼生饭
套餐,赠送手卷,0,份,赠送手卷
套餐,酒具服务费,100.0,份,酒具服务费
套餐,金枪鱼泥手卷,0,份,金枪鱼泥手卷
套餐,金枪鱼海胆卷,127.7,份,金枪鱼海胆卷
套餐,金枪鱼鱼泥手卷,0,份,金枪鱼鱼泥手卷
套餐,金雕薄切（15切）,158.0,份,金雕薄切（15切）
套餐,金雕薄切刺身（15切）,156.5,份,金雕薄切刺身（15切）
套餐,金鲷薄切15切,155.0,份,金鲷薄切15切
套餐,青瓜沙拉,0,份,青瓜沙拉
套餐,马友鱼刺身,66.6,份,马友鱼刺身
套餐,鱼子酱海胆金枪鱼,125.6,份,鱼子酱海胆金枪鱼
套餐,鱼生小卷,0,份,鱼生小卷
套餐,鲜虾手卷,0,份,鲜虾手卷
套餐,鲷鱼十五切,158.0,份,鲷鱼十五切
套餐,鹅肝伴带子,77.6,份,鹅肝伴带子
套餐,鹅肝手卷,0,份,鹅肝手卷
套餐,黄油鸡腿,68.0,份,黄油鸡腿
套餐菜品,（套）三文鱼腩寿司,27.4,份,（套）三文鱼腩寿司
套餐菜品,（套）卷王手卷,80.2,份,（套）卷王手卷
套餐菜品,（套）双葱金枪鱼蓉手卷,20.9,份,（套）双葱金枪鱼蓉手卷
套餐菜品,（套）吉列带子拌Tata酱,27.4,份,（套）吉列带子拌Tata酱
套餐菜品,（套）味噌汤,9.5,份,（套）味噌汤
套餐菜品,（套）大满足三色刺身丼饭,71.8,份,（套）大满足三色刺身丼饭
套餐菜品,（套）大满足三重虾手卷,27.7,份,（套）大满足三重虾手卷
套餐菜品,（套）子姜莲藕渍,18.3,份,（套）子姜莲藕渍
套餐菜品,（套）巨·金枪鱼蓉赤红虾寿司,24.1,份,（套）巨·金枪鱼蓉赤红虾寿司
套餐菜品,（套）巨·香水柠檬三文鱼寿司,19.2,份,（套）巨·香水柠檬三文鱼寿司
套餐菜品,（套）巨·黑松露金鲷寿司,21.7,份,（套）巨·黑松露金鲷寿司
套餐菜品,（套）无花果鹅肝霸王手卷,31.9,份,（套）无花果鹅肝霸王手卷
套餐菜品,（套）时令甜品,18.3,份,（套）时令甜品
套餐菜品,（套）星鳗寿司,27.4,份,（套）星鳗寿司
套餐菜品,（套）杂锦鱼生Mini丼,18.2,份,（套）杂锦鱼生Mini丼
套餐菜品,（套）柚子胡椒赤红虾寿司,27.4,份,（套）柚子胡椒赤红虾寿司
套餐菜品,（套）柚子醋冻伴赤红虾,13.8,份,（套）柚子醋冻伴赤红虾
套餐菜品,（套）海胆杂锦刺身手卷,74.6,份,（套）海胆杂锦刺身手卷
套餐菜品,（套）海胆甜筒,27.4,份,（套）海胆甜筒
套餐菜品,（套）灸烤鹅肝手卷,13.8,份,（套）灸烤鹅肝手卷
套餐菜品,（套）炙烤左口鱼裙边寿司,27.4,份,（套）炙烤左口鱼裙边寿司
套餐菜品,（套）熟北极贝寿司,13.8,份,（套）熟北极贝寿司
套餐菜品,（套）熟虎虾寿司,13.8,份,（套）熟虎虾寿司
套餐菜品,（套）牛油果三文鱼手卷,20.9,份,（套）牛油果三文鱼手卷
套餐菜品,（套）牛油果三文鱼旬卷,28.8,份,（套）牛油果三文鱼旬卷
套餐菜品,（套）牛油果三文鱼腩手卷,22.6,份,（套）牛油果三文鱼腩手卷
套餐菜品,（套）矶煮鲍鱼伴肝酱,27.4,份,（套）矶煮鲍鱼伴肝酱
套餐菜品,（套）章红鱼寿司,13.8,份,（套）章红鱼寿司
套餐菜品,（套）章红鱼腩1切三文鱼1切牡丹虾1只,27.4,份,（套）章红鱼腩1切三文鱼1切牡丹虾1只
套餐菜品,（套）紫苏明太籽鱿鱼手卷,20.9,份,（套）紫苏明太籽鱿鱼手卷
套餐菜品,（套）紫苏纹甲鱿鱼寿司,18.3,份,（套）紫苏纹甲鱿鱼寿司
套餐菜品,（套）迷你海鲜丼,27.4,份,（套）迷你海鲜丼
套餐菜品,（套）金枪鱼寿司,13.8,份,（套）金枪鱼寿司
套餐菜品,（套）金枪鱼腹寿司,27.4,份,（套）金枪鱼腹寿司
套餐菜品,（套）飘雪芝士平目鱼裙边手卷,22.6,份,（套）飘雪芝士平目鱼裙边手卷
套餐菜品,（套）飘雪鹅肝金枪鱼刺身,27.4,份,（套）飘雪鹅肝金枪鱼刺身
套餐菜品,（套）香水柠檬三文鱼寿司,13.8,份,（套）香水柠檬三文鱼寿司
套餐菜品,（套）鳗鱼寿司,13.8,份,（套）鳗鱼寿司
套餐菜品,（套）黑松露金鲷寿司,13.8,份,（套）黑松露金鲷寿司
套餐菜品,（套）黑松露鲷鱼薄切,26.4,份,（套）黑松露鲷鱼薄切
下午茶·超值套餐,下午茶·轻食Omakase双人餐,130.4,份,下午茶·轻食Omakase双人餐
超豪华寿司套餐,80枚寿司套餐,727.4,份,80枚寿司套餐
包房&卡座多人餐,3-4人餐追加海胆一板（200g）,588.0,份,3-4人餐追加海胆一板（200g）
包房&卡座多人餐,3-4人餐追加海胆一盒（30g）,0,份,3-4人餐追加海胆一盒（30g）
铁板烧单人·Omkase,战斧牛排铁板omakase双人御献立,494.8,份,战斧牛排铁板omakase双人御献立
仅套餐加购可点（不可单点）,（加购）低温慢煮牛舌厚烧,156.5,份,（加购）低温慢煮牛舌厚烧
仅套餐加购可点（不可单点）,（加购）季节蔬菜,38.0,份,（加购）季节蔬菜
仅套餐加购可点（不可单点）,（加购）法国鳕鱼厚烧,158.0,份,（加购）法国鳕鱼厚烧
仅套餐加购可点（不可单点）,（加购）牛小排厚烧,195.2,份,（加购）牛小排厚烧
仅套餐加购可点（不可单点）,（加购）菲力厚烧,88.0,份,（加购）菲力厚烧
仅套餐加购可点（不可单点）,（加购）蒜香牛肩胛薄烧,63.1,份,（加购）蒜香牛肩胛薄烧
仅套餐加购可点（不可单点）,（加购）铁板鹅肝多士,57.6,份,（加购）铁板鹅肝多士
仅套餐加购可点（不可单点）,（加购）雪花黑牛西冷厚烧,368.0,份,（加购）雪花黑牛西冷厚烧
仅套餐加购可点（不可单点）,（加购）鲍鱼伴肝酱,48.0,份,（加购）鲍鱼伴肝酱
仅套餐加购可点（不可单点）,（加购）黑虎虾一只,68.0,份,（加购）黑虎虾一只
仅套餐加购可点（品尝价）,（加购）铁板鲍鱼伴肝酱,47.9,份,（加购）铁板鲍鱼伴肝酱
酒水,可口可乐,11.9,份,可口可乐|可口 可乐
酒水,青提汁,17.5,份,青提汁|青提 汁
酒水,IWA×MASA清酒,208.0,份,IWA×MASA清酒
酒水,乌龙茶,17.9,份,乌龙茶
酒水,冰桶,100.0,份,冰桶
酒水,可乐,12.0,份,可乐
酒水,可尔必思,17.9,份,可尔必思
酒水,可尔必思嗨棒,17.9,份,可尔必思嗨棒
酒水,啤酒,33.4,份,啤酒
酒水,尾张·男山,98.0,份,尾张·男山
酒水,尾张•男山,0,份,尾张•男山
酒水,朝日,38.0,份,朝日
酒水,朝日啤酒,25.3,份,朝日啤酒
酒水,柚子酒,48.0,份,柚子酒
酒水,柚子酒1,48.0,份,柚子酒1
酒水,梅子酒,38.0,份,梅子酒
酒水,獭祭39,168.0,份,獭祭39
酒水,獭祭45,168.0,份,獭祭45
酒水,獭祭三割九分纯米大吟酿,248.0,份,獭祭三割九分纯米大吟酿
酒水,獭祭二割三分纯米大吟酿,988.0,份,獭祭二割三分纯米大吟酿
酒水,男山,49.0,份,男山
酒水,男山清酒,88.0,份,男山清酒
酒水,白桃汁,17.9,份,白桃汁
酒水,矿泉水,5.0,份,矿泉水
酒水,经典可乐,5.8,份,经典可乐
酒水,苏打水,12.0,份,苏打水
酒水,草莓 汁,0,份,草莓 汁
酒水,草莓汁·果肉满满,18.0,份,草莓汁·果肉满满
酒水,蜂蜜/紫苏梅酒,38.0,份,蜂蜜/紫苏梅酒
酒水,蜂蜜梅酒,37.9,份,蜂蜜梅酒
酒水,角瓶嗨棒,28.0,份,角瓶嗨棒
酒水,酒具费,75.0,份,酒具费
酒水,青乃露梅酒,38.0,份,青乃露梅酒
酒水,青提汁·果肉满满,17.9,份,青提汁·果肉满满
酒水,麒麟,38.0,份,麒麟
酒水,麒麟啤酒,38.0,份,麒麟啤酒
酒精饮品,獭祭三割九分,248.0,份,獭祭三割九分
甜品,水果蜜瓜,2.4,份,水果蜜瓜
甜品·水果,水果盛冰淇淋,37.8,份,水果盛冰淇淋
甜品·水果,水果盛棉花冰,36.3,份,水果盛棉花冰
甜品·水果,飘雪鹅肝芝士豆腐,38.0,份,飘雪鹅肝芝士豆腐
福利,左口鱼寿司,58.0,份,左口鱼寿司|左口鱼寿司·
福利,赠送三文鱼手卷,0,份,赠送 三文鱼手卷|赠送三文鱼手卷
福利,（福利）左口鱼裙边寿司一贯,0,份,（福利）左口鱼裙边寿司一贯
福利,（赠送）纹甲鱿鱼寿司,0,份,（赠送）纹甲鱿鱼寿司
福利,（赠送）鱼生手卷,0,份,（赠送）鱼生手卷
福利,（赠送）鹅肝手卷,0,份,（赠送）鹅肝手卷
福利,01寿司蛋糕,0,份,01寿司蛋糕
福利,01海胆鱼子酱DIY,450.0,份,01海胆鱼子酱DIY
福利,01虎虾天妇罗,0,份,01虎虾天妇罗
福利,1赤红虾寿司,78.0,份,1赤红虾寿司
福利,【生日专属】寿司蛋糕（198）,0,份,【生日专属】寿司蛋糕（198）
福利,【福利】水果（28）,0,份,【福利】水果（28）
福利,【福利】炙烤左口鱼裙边手卷（28）,0,份,【福利】炙烤左口鱼裙边手卷（28）
福利,【福利】甜品（28）,0,份,【福利】甜品（28）
福利,【福利】芒果冰沙（38）,0,份,【福利】芒果冰沙（38）
福利,【福利】芝士蛋糕（18）,0,份,【福利】芝士蛋糕（18）
福利,【福利】鱼生手卷（18）,0,份,【福利】鱼生手卷（18）
福利,【福利】鲷鱼汤（28）,0,份,【福利】鲷鱼汤（28）
福利,【福利】鳗鱼饭小份（28）,0,份,【福利】鳗鱼饭小份（28）
福利,［赠］鱼生手卷,0,份,［赠］鱼生手卷
福利,【赠送】三文鱼刺身(2切),0,份,【赠送】三文鱼刺身(2切)
福利,【赠送】三文鱼刺身2切,0,份,【赠送】三文鱼刺身2切
福利,【赠送】三文鱼刺身2切（32）,0,份,【赠送】三文鱼刺身2切（32）
福利,【赠送】三文鱼寿司1贯,0,份,【赠送】三文鱼寿司1贯
福利,【赠送】三文鱼寿司1贯（12）,0,份,【赠送】三文鱼寿司1贯（12）
福利,【赠送】三文鱼寿司1贯（14）,0,份,【赠送】三文鱼寿司1贯（14）
福利,【赠送】三文鱼皮寿司1贯,0,份,【赠送】三文鱼皮寿司1贯
福利,【赠送】乌龙茶（18）,0,份,【赠送】乌龙茶（18）
福利,【赠送】冰沙（28）,0,份,【赠送】冰沙（28）
福利,【赠送】加州卷（18）,0,份,【赠送】加州卷（18）
福利,【赠送】加州手卷（38）,0,份,【赠送】加州手卷（38）
福利,【赠送】可口可乐（12）,0.0,份,【赠送】可口可乐（12）
福利,【赠送】可尔必思（18）,0,份,【赠送】可尔必思（18）
福利,【赠送】吉列带子伴塔塔酱（68）,0,份,【赠送】吉列带子伴塔塔酱（68）
福利,【赠送】味增汤（28）,0,份,【赠送】味增汤（28）
福利,【赠送】味淋鮟鱇鱼肝（48）,0,份,【赠送】味淋鮟鱇鱼肝（48）
福利,【赠送】味淋鱼干,0,份,【赠送】味淋鱼干
福利,【赠送】地狱拉面（56）,0,份,【赠送】地狱拉面（56）
福利,【赠送】天妇罗手卷（38）,0,份,【赠送】天妇罗手卷（38）
福利,【赠送】寿司蛋糕（198）,0,份,【赠送】寿司蛋糕（198）
福利,【赠送】小份拉面,0,份,【赠送】小份拉面
福利,【赠送】小份鳗鱼饭（28）,0,份,【赠送】小份鳗鱼饭（28）
福利,【赠送】小份鳗鱼饭（39）,0,份,【赠送】小份鳗鱼饭（39）
福利,【赠送】左口鱼裙边寿司1贯（18）,0,份,【赠送】左口鱼裙边寿司1贯（18）
福利,【赠送】左口鱼裙边寿司1贯（24）,0,份,【赠送】左口鱼裙边寿司1贯（24）
福利,【赠送】左口鱼裙边手卷（38）,0,份,【赠送】左口鱼裙边手卷（38）
福利,【赠送】帆立贝刺身1只（48）,0,份,【赠送】帆立贝刺身1只（48）
福利,【赠送】拉面（39）,0,份,【赠送】拉面（39）
福利,【赠送】星鳗鱼寿司（28）,70.0,份,【赠送】星鳗鱼寿司（28）
福利,【赠送】星鳗鱼寿司1贯（14）,0,份,【赠送】星鳗鱼寿司1贯（14）
福利,【赠送】星鳗鱼寿司1贯（19）,0,份,【赠送】星鳗鱼寿司1贯（19）
福利,【赠送】枝豆（18）,0,份,【赠送】枝豆（18）
福利,【赠送】水果（28）,0,份,【赠送】水果（28）
福利,【赠送】沙拉（38）,0,份,【赠送】沙拉（38）
福利,【赠送】河虾（38）,0,份,【赠送】河虾（38）
福利,【赠送】海螺寿司（28）,0,份,【赠送】海螺寿司（28）
福利,【赠送】海鲜茶碗蒸(38),0,份,【赠送】海鲜茶碗蒸(38)
福利,【赠送】炙烤左口鱼裙边手卷（28）,0,份,【赠送】炙烤左口鱼裙边手卷（28）
福利,【赠送】烤鳕鱼片（48）,0,份,【赠送】烤鳕鱼片（48）
福利,【赠送】玉子寿司（9）,0,份,【赠送】玉子寿司（9）
福利,【赠送】玉子寿司1贯（32）,0,份,【赠送】玉子寿司1贯（32）
福利,【赠送】甜品（28）,0,份,【赠送】甜品（28）
福利,【赠送】章红鱼寿司1贯（14）,0,份,【赠送】章红鱼寿司1贯（14）
福利,【赠送】章红鱼寿司1贯（18）,0,份,【赠送】章红鱼寿司1贯（18）
福利,【赠送】紫苏纹甲鱿鱼寿司（12）,0,份,【赠送】紫苏纹甲鱿鱼寿司（12）
福利,【赠送】紫苏纹甲鱿鱼寿司（14）,0,份,【赠送】紫苏纹甲鱿鱼寿司（14）
福利,【赠送】红酒鹅肝,0,份,【赠送】红酒鹅肝
福利,【赠送】红酒鹅肝（58）,0,份,【赠送】红酒鹅肝（58）
福利,【赠送】芝士年糕1个（24）,0,份,【赠送】芝士年糕1个（24）
福利,【赠送】芝士蛋糕（28）,0,份,【赠送】芝士蛋糕（28）
福利,【赠送】芝士蛋糕1个（24）,0,份,【赠送】芝士蛋糕1个（24）
福利,【赠送】苏打水（12）,0,份,【赠送】苏打水（12）
福利,【赠送】草莓汁（18）,0,份,【赠送】草莓汁（18）
福利,【赠送】草莓汁.果肉满满（18）,0,份,【赠送】草莓汁.果肉满满（18）
福利,【赠送】草莓汁果肉满满（18）,0,份,【赠送】草莓汁果肉满满（18）
福利,【赠送】蒲烧鳗鱼丼（56）,0,份,【赠送】蒲烧鳗鱼丼（56）
福利,【赠送】蒲烧鳗鱼寿司1贯（18）,0,份,【赠送】蒲烧鳗鱼寿司1贯（18）
福利,【赠送】蒲烧鳗鱼手卷,0,份,【赠送】蒲烧鳗鱼手卷
福利,【赠送】蒲烧鳗鱼手卷（38）,0,份,【赠送】蒲烧鳗鱼手卷（38）
福利,【赠送】蒲烧鳗鱼饭（38）,0,份,【赠送】蒲烧鳗鱼饭（38）
福利,【赠送】蟹棒寿司1贯（14）,0,份,【赠送】蟹棒寿司1贯（14）
福利,【赠送】角切鱼生丼（56）,0,份,【赠送】角切鱼生丼（56）
福利,【赠送】豚骨拉面（56）,0,份,【赠送】豚骨拉面（56）
福利,【赠送】霸王餐（198）,0,份,【赠送】霸王餐（198）
福利,【赠送】霸王餐（498）,0,份,【赠送】霸王餐（498）
福利,【赠送】青乃露梅酒（38）,0,份,【赠送】青乃露梅酒（38）
福利,【赠送】青提汁（18）,0,份,【赠送】青提汁（18）
福利,【赠送】青提汁.果肉满满（18）,0,份,【赠送】青提汁.果肉满满（18）
福利,【赠送】青提汁果肉满满（18）,0,份,【赠送】青提汁果肉满满（18）
福利,【赠送】飘雪鹅肝金枪鱼寿司1贯（68）,0,份,【赠送】飘雪鹅肝金枪鱼寿司1贯（68）
福利,【赠送】飞鱼籽寿司1贯（38）,0,份,【赠送】飞鱼籽寿司1贯（38）
福利,【赠送】鰤鱼刺身2切（38）,0,份,【赠送】鰤鱼刺身2切（38）
福利,【赠送】鰤鱼寿司1贯（14）,0,份,【赠送】鰤鱼寿司1贯（14）
福利,【赠送】鱼生手卷（18）,0,份,【赠送】鱼生手卷（18）
福利,【赠送】鱼生手卷（38）,0,份,【赠送】鱼生手卷（38）
福利,[赠送]鲍鱼,0,份,[赠送]鲍鱼
福利,【赠送】鲷鱼刺身2切,0,份,【赠送】鲷鱼刺身2切
福利,【赠送】鲷鱼汤,0,份,【赠送】鲷鱼汤
福利,【赠送】鲷鱼汤（28）,0,份,【赠送】鲷鱼汤（28）
福利,【赠送】鳕鱼片（48）,0,份,【赠送】鳕鱼片（48）
福利,【赠送】鳗鱼手卷(1份),0,份,【赠送】鳗鱼手卷(1份)
福利,【赠送】鳗鱼手卷（38）,0,份,【赠送】鳗鱼手卷（38）
福利,【赠送】黑松露金雕寿司1贯（14）,0,份,【赠送】黑松露金雕寿司1贯（14）
福利,【赠送】黑松露金鲷寿司(2贯),0,份,【赠送】黑松露金鲷寿司(2贯)
福利,【赠送】黑松露金鲷寿司1贯（14）,0,份,【赠送】黑松露金鲷寿司1贯（14）
福利,【赠送】黑松露金鲷寿司1贯（24）,0,份,【赠送】黑松露金鲷寿司1贯（24）
福利,【赠送倆只】甜虾,0,份,【赠送倆只】甜虾
福利,DIY海胆拼盘,0,份,DIY海胆拼盘
福利,VIP限定套餐,600.0,份,VIP限定套餐
福利,一板海胆,834.7,份,一板海胆
福利,一盒鱼子酱,88.0,份,一盒鱼子酱
福利,一粒海胆寿司,0,份,一粒海胆寿司
福利,三文鱼寿司01,0,份,三文鱼寿司01
福利,三文鱼手卷,24.0,份,三文鱼手卷
福利,三文鱼皮,20.0,份,三文鱼皮
福利,三文鱼皮寿司,20.0,份,三文鱼皮寿司
福利,三文鱼皮手卷,0,份,三文鱼皮手卷
福利,三文鱼皮手卷（赠送1份）,0,份,三文鱼皮手卷（赠送1份）
福利,三文鱼骨,0,份,三文鱼骨
福利,什么都不加的蒸蛋,27.5,份,什么都不加的蒸蛋
福利,仔姜莲藕渍01,0,份,仔姜莲藕渍01
福利,代金券神会员结算,0,份,代金券神会员结算
福利,保乐肩牛肉寿司,48.0,份,保乐肩牛肉寿司
福利,冰沙‘,0,份,冰沙‘
福利,刺身拼盘,218.0,份,刺身拼盘
福利,加州手卷,23.5,份,加州手卷
福利,升级套餐费,50.0,份,升级套餐费
福利,半熟虎虾刺身,38.0,份,半熟虎虾刺身
福利,半熟黑虎虾寿司,38.0,份,半熟黑虎虾寿司
福利,厨师发办omakase398,398.0,份,厨师发办omakase398
福利,反结,0,份,反结
福利,吉列带子,0,份,吉列带子
福利,味啉鮟鱇鱼干,48.0,份,味啉鮟鱇鱼干
福利,味增汤1,14.0,份,味增汤1
福利,味黎淋安康预鱼干,0,份,味黎淋安康预鱼干
福利,地狱汤拉面【小份】,0,份,地狱汤拉面【小份】
福利,大份海胆塔克,0,份,大份海胆塔克
福利,大份海胆塔可,298.0,份,大份海胆塔可
福利,天妇罗,0,份,天妇罗
福利,天妇罗蟹棒手卷,0,份,天妇罗蟹棒手卷
福利,天妇罗鳗鱼手卷,0,份,天妇罗鳗鱼手卷
福利,套餐拉面,0,份,套餐拉面
福利,套餐拉面（18,0,份,套餐拉面（18
福利,套餐拉面（18）,0,份,套餐拉面（18）
福利,子姜莲藕,0,份,子姜莲藕
福利,客人预留7.14号晚上用餐,0,份,客人预留7.14号晚上用餐
福利,寿司,0,份,寿司
福利,寿司米饭,5.0,份,寿司米饭
福利,寿司蛋糕,106.0,份,寿司蛋糕
福利,寿司蛋糕01,0,份,寿司蛋糕01
福利,小J,13.8,份,小J
福利,小份拉面,0,份,小份拉面
福利,小份鱼生饭,0,份,小份鱼生饭
福利,小分份鳗鱼饭,0,份,小分份鳗鱼饭
福利,小块鹅肝,0,份,小块鹅肝
福利,小碗拉面,0,份,小碗拉面
福利,山苏叶心腹牛肉卷,98.0,份,山苏叶心腹牛肉卷
福利,左口鱼裙边,0,份,左口鱼裙边
福利,左口鱼裙边手卷,0,份,左口鱼裙边手卷
福利,干笋汁,0,份,干笋汁
福利,干飘小卷,0,份,干飘小卷
福利,心形海胆30g刺身,198.0,份,心形海胆30g刺身
福利,必吃单人餐,392.3,份,必吃单人餐
福利,手卷升级为鹅肝,28.0,份,手卷升级为鹅肝
福利,拉面,0,份,拉面
福利,教父,0,份,教父
福利,斑节虾寿司,57.0,份,斑节虾寿司
福利,新西兰鳌虾配海胆1,138.0,份,新西兰鳌虾配海胆1
福利,新香手卷,0,份,新香手卷
福利,星鳗天妇罗🍤,0,份,星鳗天妇罗🍤
福利,杂菜天妇罗，,0,份,杂菜天妇罗，
福利,杂锦鱼生卷（赠送1份）,0,份,杂锦鱼生卷（赠送1份）
福利,极尚刺身世界,194.3,份,极尚刺身世界
福利,极尚海胆,879.4,份,极尚海胆
福利,果汁,0,份,果汁
福利,枝豆（赠送1份）,0,份,枝豆（赠送1份）
福利,枪乌贼,38.0,份,枪乌贼
福利,枪乌贼伴西西厘酱,48.0,份,枪乌贼伴西西厘酱
福利,枪乌贼伴西西里酱,46.4,份,枪乌贼伴西西里酱
福利,柔煮八爪鱼,47.1,份,柔煮八爪鱼
福利,柔煮章鱼,38.0,份,柔煮章鱼
福利,柚子醋红虾,19.3,份,柚子醋红虾
福利,比目鱼手卷,0,份,比目鱼手卷
福利,水晶刺身,198.0,份,水晶刺身
福利,汁煮枪乌贼,49.3,份,汁煮枪乌贼
福利,池鱼王,4.0,份,池鱼王
福利,池鱼王刺身,88.0,份,池鱼王刺身
福利,沙冰,0,份,沙冰
福利,沙拉,0,份,沙拉
福利,法国生蚝,88.0,份,法国生蚝
福利,泰卷,0,份,泰卷
福利,活赤贝刺身,57.9,份,活赤贝刺身
福利,海胆,880.5,份,海胆
福利,海胆Take,198.0,份,海胆Take
福利,海胆一盒,888.0,份,海胆一盒
福利,海胆三色丼饭,0,份,海胆三色丼饭
福利,海胆三色塔可,194.1,份,海胆三色塔可
福利,海胆三色热狗,198.0,份,海胆三色热狗
福利,海胆刺身（30克）,197.6,份,海胆刺身（30克）
福利,海胆刺身一盒,870.6,份,海胆刺身一盒
福利,海胆拼盘,298.0,份,海胆拼盘
福利,海胆热狗甜筒,88.0,份,海胆热狗甜筒
福利,海胆甜筒,98.0,份,海胆甜筒
福利,海胆酱烤小青龙,167.2,份,海胆酱烤小青龙
福利,海胆金枪鱼鱼子酱,107.3,份,海胆金枪鱼鱼子酱
福利,海胆鱼子酱DIY拼盘,450.0,份,海胆鱼子酱DIY拼盘
福利,海胆鱼子酱伴金枪鱼蓉,108.0,份,海胆鱼子酱伴金枪鱼蓉
福利,海胆鱼子酱配金枪鱼蓉,108.0,份,海胆鱼子酱配金枪鱼蓉
福利,海鲜茶碗,0,份,海鲜茶碗
福利,海鲜茶碗蒸,28.0,份,海鲜茶碗蒸
福利,海鲜饭,0,份,海鲜饭
福利,清汤面,28.0,份,清汤面
福利,渍物,1.6,份,渍物
福利,澳洲M9和牛,98.0,份,澳洲M9和牛
福利,澳洲和牛伴山苏叶,98.0,份,澳洲和牛伴山苏叶
福利,澳洲牛肉卷拌山苏叶,96.2,份,澳洲牛肉卷拌山苏叶
福利,澳洲牛肉卷树仔菜,98.0,份,澳洲牛肉卷树仔菜
福利,澳洲牛肉拌山苏卷,66.7,份,澳洲牛肉拌山苏卷
福利,澳洲牛肉拌树仔菜,96.1,份,澳洲牛肉拌树仔菜
福利,澳洲牛肉拌野菜山苏卷。,163.8,份,澳洲牛肉拌野菜山苏卷。
福利,炙烤三文鱼头,58.0,份,炙烤三文鱼头
福利,炙烤八爪鱼,47.0,份,炙烤八爪鱼
福利,炙烤左口鱼（一贯）,0,份,炙烤左口鱼（一贯）
福利,炙烤左口鱼群边寿司,0,份,炙烤左口鱼群边寿司
福利,炙烤左口鱼裙边寿司‘,0,份,炙烤左口鱼裙边寿司‘
福利,炙烤抢乌贼,48.0,份,炙烤抢乌贼
福利,炙烤枪鱿鱼,58.0,份,炙烤枪鱿鱼
福利,炙烤鹅肝手卷,0,份,炙烤鹅肝手卷
福利,烤鳕鱼片（赠送1份）,0,份,烤鳕鱼片（赠送1份）
福利,烤鹅肝寿司,0,份,烤鹅肝寿司
福利,烧牛舌,57.9,份,烧牛舌
福利,煎蛋,5.0,份,煎蛋
福利,熟北极贝寿司,0,份,熟北极贝寿司
福利,熟虎虾寿司,0,份,熟虎虾寿司
福利,熟虾寿司,0,份,熟虾寿司
福利,牛奶布丁,28.0,份,牛奶布丁
福利,牛小排,198.0,份,牛小排
福利,牛肉,98.0,份,牛肉
福利,牛肉寿司,57.6,份,牛肉寿司
福利,牛肉炒饭，,128.0,份,牛肉炒饭，
福利,牛舌,58.0,份,牛舌
福利,玉子寿司（赠送2贯）,0,份,玉子寿司（赠送2贯）
福利,甘笋汁,27.6,份,甘笋汁
福利,甘筍汁,47.0,份,甘筍汁
福利,甘雕立磷烧,48.0,份,甘雕立磷烧
福利,甘鯛立磷烧,48.0,份,甘鯛立磷烧
福利,甘鯛立鳞烧,0,份,甘鯛立鳞烧
福利,甘鲷立磷烧,48.0,份,甘鲷立磷烧
福利,甘鲷立鳞烧,81.3,份,甘鲷立鳞烧
福利,甘鲷鱼立麟烧,76.6,份,甘鲷鱼立麟烧
福利,甜筒,0,份,甜筒
福利,甜虾寿司（赠送2贯）,0,份,甜虾寿司（赠送2贯）
福利,甜虾醋冻海胆杯,88.0,份,甜虾醋冻海胆杯
福利,生日蛋糕寿司,167.4,份,生日蛋糕寿司
福利,白米饭,3.0,份,白米饭
福利,皇帝蟹棒手卷,0,份,皇帝蟹棒手卷
福利,盐烤三文鱼头,57.4,份,盐烤三文鱼头
福利,盐烤牛舌,95.1,份,盐烤牛舌
福利,盐烧三文鱼头,57.9,份,盐烧三文鱼头
福利,矶煮鲍鱼,58.0,份,矶煮鲍鱼
福利,矶煮鲍鱼拌肝酱,29.9,份,矶煮鲍鱼拌肝酱
福利,私享·Omakase单人御献立,398.0,份,私享·Omakase单人御献立
福利,空蒸,27.5,份,空蒸
福利,立鳞烧,67.6,份,立鳞烧
福利,章红鱼寿司1贯,0,份,章红鱼寿司1贯
福利,章红鱼寿司。,0,份,章红鱼寿司。
福利,竹夹鱼刺身,65.1,份,竹夹鱼刺身
福利,米饭,5.0,份,米饭
福利,粒鳞烧,66.7,份,粒鳞烧
福利,紫苏鱿鱼寿司,0,份,紫苏鱿鱼寿司
福利,红薯天妇罗,78.0,份,红薯天妇罗
福利,纹甲鱿鱼刺身,24.0,份,纹甲鱿鱼刺身
福利,联名大满足海胆鱼子酱diy,398.0,份,联名大满足海胆鱼子酱diy
福利,联名海胆鱼子酱,194.3,份,联名海胆鱼子酱
福利,联名海胆鱼子酱配金枪鱼,106.0,份,联名海胆鱼子酱配金枪鱼
福利,联名海胆鱼子酱金枪鱼刺身,127.3,份,联名海胆鱼子酱金枪鱼刺身
福利,联名海胆鱼籽酱,108.0,份,联名海胆鱼籽酱
福利,联名海胆鱼籽酱配金枪鱼,108.0,份,联名海胆鱼籽酱配金枪鱼
福利,联名鱼子酱,128.0,份,联名鱼子酱
福利,联名鱼籽酱一罐,184.4,份,联名鱼籽酱一罐
福利,芒果沙冰,0,份,芒果沙冰
福利,芝士年糕单点,38.0,份,芝士年糕单点
福利,苏仔菜卷牛肉,98.0,份,苏仔菜卷牛肉
福利,茶碗蒸1,0,份,茶碗蒸1
福利,茶碗蒸蛋,0,份,茶碗蒸蛋
福利,蒲烧鳗鱼,88.0,份,蒲烧鳗鱼
福利,蒲烧鳗鱼寿司。,0,份,蒲烧鳗鱼寿司。
福利,蒲烧鳗鱼手卷，,0,份,蒲烧鳗鱼手卷，
福利,蒸蛋,28.0,份,蒸蛋
福利,蓝色玛格丽特,0,份,蓝色玛格丽特
福利,蔬菜天妇罗,14.9,份,蔬菜天妇罗
福利,虎虾,48.0,份,虎虾
福利,虎虾天妇罗,0,份,虎虾天妇罗
福利,虎虾寿司,36.3,份,虎虾寿司
福利,蟹籽寿司（赠送2贯）,0,份,蟹籽寿司（赠送2贯）
福利,西京烧银鳕鱼,298.0,份,西京烧银鳕鱼
福利,西西里酱枪乌贼,58.0,份,西西里酱枪乌贼
福利,西里里酱枪乌贼,0,份,西里里酱枪乌贼
福利,角切鱼生杯,0,份,角切鱼生杯
福利,豚骨汤拉面【小份】,0,份,豚骨汤拉面【小份】
福利,赠送 保利肩牛肉寿司,0,份,赠送 保利肩牛肉寿司
福利,赠送 吉列炸带子,0,份,赠送 吉列炸带子
福利,赠送寿司蛋糕,0,份,赠送寿司蛋糕
福利,赠送 小竹荚鱼寿司,0,份,赠送 小竹荚鱼寿司
福利,赠送章红鱼,0,份,赠送章红鱼
福利,赠送 虎虾寿司,0,份,赠送 虎虾寿司
福利,赠送 虎虾手卷,0,份,赠送 虎虾手卷
福利,赠送 赤红虾寿司,0,份,赠送 赤红虾寿司
福利,赠送 金枪鱼寿司,0,份,赠送 金枪鱼寿司
福利,赠送金枪鱼泥手卷,0,份,赠送金枪鱼泥手卷
福利,赠送金枪鱼赤身刺身,0,份,赠送金枪鱼赤身刺身
福利,赠送青提汁,0,份,赠送青提汁
福利,赠送鱼生手卷,0,份,赠送鱼生手卷
福利,赠送鱼生饭,0,份,赠送鱼生饭
福利,赠送鱿鱼寿司,0,份,赠送鱿鱼寿司
福利,赠送鳗鱼手卷,0,份,赠送鳗鱼手卷
福利,赤红虾寿司，,0,份,赤红虾寿司，
福利,赤贝刺身,61.3,份,赤贝刺身
福利,赤贝寿司,0,份,赤贝寿司
福利,迷你海鲜饭,0,份,迷你海鲜饭
福利,送三文鱼寿司,0,份,送三文鱼寿司
福利,送甜虾寿司,0,份,送甜虾寿司
福利,酒店使用费,100.0,份,酒店使用费
福利,酒精使用费,100.0,份,酒精使用费
福利,酱油,1.6,份,酱油
福利,酱油兹金枪鱼大腹寿司,0,份,酱油兹金枪鱼大腹寿司
福利,醋冻红虾,58.0,份,醋冻红虾
福利,金枪鱼下巴,168.0,份,金枪鱼下巴
福利,金枪鱼刺身,0,份,金枪鱼刺身
福利,金枪鱼寿司,0,份,金枪鱼寿司
福利,金枪鱼寿司，,0,份,金枪鱼寿司，
福利,金枪鱼手卷,36.0,份,金枪鱼手卷
福利,金枪鱼海胆鱼子酱,108.0,份,金枪鱼海胆鱼子酱
福利,金雕刺身,68.0,份,金雕刺身
福利,金雕薄切5切,68.0,份,金雕薄切5切
福利,金雕薄切刺身,157.6,份,金雕薄切刺身
福利,金雕鱼刺身,68.0,份,金雕鱼刺身
福利,金鲷薄切,61.2,份,金鲷薄切
福利,金鲷薄切刺身,155.0,份,金鲷薄切刺身
福利,青瓜卷,36.0,份,青瓜卷
福利,青瓜小卷寿司,0,份,青瓜小卷寿司
福利,青瓜手卷。,0,份,青瓜手卷。
福利,飘雪金枪鱼刺身,114.4,份,飘雪金枪鱼刺身
福利,飘雪鹅肝金枪鱼刺身·,125.4,份,飘雪鹅肝金枪鱼刺身·
福利,飞鱼子寿司,0,份,飞鱼子寿司
福利,香水柠檬纹甲鱿鱼寿司,0,份,香水柠檬纹甲鱿鱼寿司
福利,香煎牛小排,195.7,份,香煎牛小排
福利,香葱鱼生手卷1,0,份,香葱鱼生手卷1
福利,马粪爱心海胆,186.4,份,马粪爱心海胆
福利,鰻鱼手卷,0,份,鰻鱼手卷
福利,鱼子酱,167.4,份,鱼子酱
福利,鱼子酱料理,108.0,份,鱼子酱料理
福利,鱼生手卷,38.0,份,鱼生手卷
福利,鱼生手卷（18）,0,份,鱼生手卷（18）
福利,鱼生手卷（28）,0,份,鱼生手卷（28）
福利,鱼皮手卷,0,份,鱼皮手卷
福利,鲍鱼（58）,0,份,鲍鱼（58）
福利,鲟鱼籽酱,128.0,份,鲟鱼籽酱
福利,鲟鱼籽酱一盒,128.0,份,鲟鱼籽酱一盒
福利,鲷鱼汤。,0,份,鲷鱼汤。
福利,鲷鱼薄切,68.0,份,鲷鱼薄切
福利,鲷鱼薄切12切,158.0,份,鲷鱼薄切12切
福利,鲷鱼薄切15切,198.0,份,鲷鱼薄切15切
福利,鳌虾寿司,107.2,份,鳌虾寿司
福利,鳌虾配鲟鱼子酱,125.5,份,鳌虾配鲟鱼子酱
福利,鳗鱼天妇罗手卷,0,份,鳗鱼天妇罗手卷
福利,鳗鱼手卷,48.0,份,鳗鱼手卷
福利,鳗鱼饭,0,份,鳗鱼饭
福利,鹅肝寿司,0,份,鹅肝寿司
福利,鹅肝带子寿司,68.0,份,鹅肝带子寿司
福利,鹅肝拌带子,58.0,份,鹅肝拌带子
福利,鹅肝拌带子寿司,57.3,份,鹅肝拌带子寿司
福利,黑松露金鲷（赠送2贯）,0,份,黑松露金鲷（赠送2贯）
福利,黑虎虾,31.1,份,黑虎虾
福利,黑虎虾寿司,37.2,份,黑虎虾寿司
门店福利,盲盒小礼（随机餐食，右上点星赠送）,4.6,份,盲盒小礼（随机餐食，右上点星赠送）
外卖自营,(外）omakase级三文鱼寿司（两贯）,21.3,份,(外）omakase级三文鱼寿司（两贯）
外卖自营,(外）omakase级三文鱼鱼腩寿司（两贯）,32.0,份,(外）omakase级三文鱼鱼腩寿司（两贯）
外卖自营,(外）omakase级半熟虎虾寿司（两贯）,38.0,份,(外）omakase级半熟虎虾寿司（两贯）
外卖自营,(外）omakase级帆立贝寿司（两贯）,48.0,份,(外）omakase级帆立贝寿司（两贯）
外卖自营,(外）omakase级海胆寿司（两贯）,108.0,份,(外）omakase级海胆寿司（两贯）
外卖自营,(外）omakase级牡丹虾寿司（两贯）,128.0,份,(外）omakase级牡丹虾寿司（两贯）
外卖自营,(外）omakase级甜虾寿司（两贯）,72.0,份,(外）omakase级甜虾寿司（两贯）
外卖自营,(外）omakase级章红鱼寿司（两贯）,26.9,份,(外）omakase级章红鱼寿司（两贯）
外卖自营,(外）omakase级章红鱼腹寿司（两贯）,38.0,份,(外）omakase级章红鱼腹寿司（两贯）
外卖自营,(外）omakase级紫苏纹甲鱿鱼寿司（两贯）,22.2,份,(外）omakase级紫苏纹甲鱿鱼寿司（两贯）
外卖自营,(外）omakase级蓝鳍金枪鱼大腹寿司（两贯）,88.0,份,(外）omakase级蓝鳍金枪鱼大腹寿司（两贯）
外卖自营,(外）omakase级金枪鱼中腹寿司（两贯）,26.9,份,(外）omakase级金枪鱼中腹寿司（两贯）
外卖自营,(外）omakase级金枪鱼赤身寿司（两贯）,0,份,(外）omakase级金枪鱼赤身寿司（两贯）
外卖自营,(外）omakase级黑松露金鲷寿司（两贯）,26.9,份,(外）omakase级黑松露金鲷寿司（两贯）
外卖自营,(外）三文鱼亲子丼,0,份,(外）三文鱼亲子丼
外卖自营,(外）儿童寿司套餐,78.3,份,(外）儿童寿司套餐
外卖自营,(外）家庭寿司套餐,279.1,份,(外）家庭寿司套餐
外卖自营,（外）星鳗鱼寿司（两贯）,17.9,份,（外）星鳗鱼寿司（两贯）
外卖自营,(外）炙烤和牛寿司（两贯）,108.0,份,(外）炙烤和牛寿司（两贯）
外卖自营,(外）炙烤左口鱼裙边寿司（两贯）,48.0,份,(外）炙烤左口鱼裙边寿司（两贯）
外卖自营,(外）炙烤鹅肝寿司（两贯）,68.0,份,(外）炙烤鹅肝寿司（两贯）
外卖自营,(外）白身鱼薄切（10切）,128.0,份,(外）白身鱼薄切（10切）
外卖自营,（外）皇帝蟹棒寿司（两贯）,21.3,份,（外）皇帝蟹棒寿司（两贯）
外卖自营,(外）章红鱼刺身（两切）,14.8,份,(外）章红鱼刺身（两切）
外卖自营,(外）经典寿司套餐,26.8,份,(外）经典寿司套餐
外卖自营,(外）蒲烧鳗鱼丼,78.0,份,(外）蒲烧鳗鱼丼
外卖自营,（外）蒲烧鳗鱼寿司（两贯）,0,份,（外）蒲烧鳗鱼寿司（两贯）
外卖自营,(外）角切鱼生丼,88.0,份,(外）角切鱼生丼
外卖自营,(外）豪华寿司套餐,0,份,(外）豪华寿司套餐
外卖自营,（外）飞鱼籽寿司（两贯）,26.9,份,（外）飞鱼籽寿司（两贯）
外卖自营,(外）高品质三文鱼刺身（两切）,28.0,份,(外）高品质三文鱼刺身（两切）
外卖自营,(外）高品质三文鱼刺身50g,39.0,份,(外）高品质三文鱼刺身50g
外卖自营,(外）高品质大甜虾刺身（五只）,58.0,份,(外）高品质大甜虾刺身（五只）
外卖自营,(外）鮨政三色丼,0,份,(外）鮨政三色丼
外卖自营,(外）鲜活赤贝（一整只）,56.9,份,(外）鲜活赤贝（一整只）
外卖自营,青瓜小卷,9.9,份,青瓜小卷
外卖自营,青瓜手卷1,26.9,份,青瓜手卷1
小程序,(小程序)飘雪鹅肝金枪鱼寿司,0,份,(小程序)飘雪鹅肝金枪鱼寿司|（小程序）飘雪鹅肝金枪鱼寿司
小程序,（会员尝鲜）章红鱼刺身,0,份,（会员尝鲜）章红鱼刺身
小程序,（小程序）aape联名清酒（预售）,0,份,（小程序）aape联名清酒（预售）
小程序,（小程序）一式·Omakase·单人御献立（生日专属）,0,份,（小程序）一式·Omakase·单人御献立（生日专属）
小程序,（小程序）一式·Omakase·双人御献立（周一专属）,0,份,（小程序）一式·Omakase·双人御献立（周一专属）
小程序,（小程序）一式·Omakase单人御献立（霸王餐0.01）,0,份,（小程序）一式·Omakase单人御献立（霸王餐0.01）
小程序,（小程序）一式•Omakase单人御献立（208）,0,份,（小程序）一式•Omakase单人御献立（208）
小程序,（小程序）三式·Omakase·单人御献立（霸王餐0.1）,0,份,（小程序）三式·Omakase·单人御献立（霸王餐0.1）
小程序,（小程序）三式·Omakase单人御献立（霸王餐0.01）,0,份,（小程序）三式·Omakase单人御献立（霸王餐0.01）
小程序,(小程序)三文鱼刺身2切,0,份,(小程序)三文鱼刺身2切
小程序,（小程序）三文鱼寿司（14）,0,份,（小程序）三文鱼寿司（14）
小程序,（小程序）三文鱼寿司（倆贯）,0,份,（小程序）三文鱼寿司（倆贯）
小程序,（小程序）二式·Omakase·单人御献立（278）,0,份,（小程序）二式·Omakase·单人御献立（278）
小程序,（小程序）二式•Omakase单人（体验劵）,0,份,（小程序）二式•Omakase单人（体验劵）
小程序,（小程序）二式•Omakase单人御献立（308）,0,份,（小程序）二式•Omakase单人御献立（308）
小程序,（小程序）二式•Omakase单人御献立（328）,0,份,（小程序）二式•Omakase单人御献立（328）
小程序,（小程序）会员盲盒菜品,0,份,（小程序）会员盲盒菜品
小程序,（小程序）初尝Omakase·单人御献立（工作日限定）,0,份,（小程序）初尝Omakase·单人御献立（工作日限定）
小程序,(小程序)吉列大虾卷,0,份,(小程序)吉列大虾卷
小程序,（小程序）夏·单人Omakase,0,份,（小程序）夏·单人Omakase
小程序,（小程序）夏·双人Omakase（周一会员日）,489.0,份,（小程序）夏·双人Omakase（周一会员日）
小程序,（小程序）寿司蛋糕,0.0,份,（小程序）寿司蛋糕
小程序,（小程序）杂菜天妇罗,0,份,（小程序）杂菜天妇罗
小程序,（小程序）杂菜天妇罗（38）,0,份,（小程序）杂菜天妇罗（38）
小程序,（小程序）水晶Omakase·单人御献立,0,份,（小程序）水晶Omakase·单人御献立
小程序,（小程序）油甘鱼寿司（18）,0,份,（小程序）油甘鱼寿司（18）
小程序,（小程序）流心鹅肝手卷,0,份,（小程序）流心鹅肝手卷
小程序,（小程序）炙烤左口鱼裙边军舰（18）,0,份,（小程序）炙烤左口鱼裙边军舰（18）
小程序,（小程序）烤银鳕鱼片,0,份,（小程序）烤银鳕鱼片
小程序,（小程序）烤鳕鱼片（48）,0,份,（小程序）烤鳕鱼片（48）
小程序,（小程序）生葵大福（18）,0,份,（小程序）生葵大福（18）
小程序,（小程序）白身鱼薄切（38）,0,份,（小程序）白身鱼薄切（38）
小程序,（小程序）皇帝蟹棒寿司（14）,0,份,（小程序）皇帝蟹棒寿司（14）
小程序,（小程序） 矶煮鲍鱼伴肝酱,29.9,份,（小程序） 矶煮鲍鱼伴肝酱
小程序,(小程序)矶煮鲍鱼拌肝酱,0,份,(小程序)矶煮鲍鱼拌肝酱
小程序,（小程序）臻享·Omakase单人（体验卷）,0,份,（小程序）臻享·Omakase单人（体验卷）
小程序,（小程序）蒲烧鳗鱼寿司,0,份,（小程序）蒲烧鳗鱼寿司
小程序,（小程序）蒲烧鳗鱼手卷,0,份,（小程序）蒲烧鳗鱼手卷
小程序,（小程序）金枪鱼Omakase单人霸王餐,0,份,（小程序）金枪鱼Omakase单人霸王餐
小程序,（小程序）限定联名扭蛋抽奖,0,份,（小程序）限定联名扭蛋抽奖
小程序,（小程序）飘雪鹅肝寿司,0,份,（小程序）飘雪鹅肝寿司
小程序,（小程序）鮨政100元会员券,0,份,（小程序）鮨政100元会员券
小程序,（小程序）鮨政定制不锈钢杯,0,份,（小程序）鮨政定制不锈钢杯
小程序,（小程序）鳗鱼手卷（28）,0,份,（小程序）鳗鱼手卷（28）
小程序,（小程序）黑松露金雕寿司,0,份,（小程序）黑松露金雕寿司
小程序,（小程序）黑松露金鲷寿司,0,份,（小程序）黑松露金鲷寿司
小程序,（小程序）黑金·水晶Omakase·单人御献立,0,份,（小程序）黑金·水晶Omakase·单人御献立
小程序,（微信小程序）一式·Omakase单人御献立（霸王餐0.01）,0,份,（微信小程序）一式·Omakase单人御献立（霸王餐0.01）
小程序,【会员专属越光米礼遇】,0.0,份,【会员专属越光米礼遇】
餐盒,canhe,1.0,份,canhe
餐盒,m,2.0,份,m
餐盒,中号打包盒,2.9,份,中号打包盒
餐盒,中号餐盒,3.0,份,中号餐盒
餐盒,中盒,3.0,份,中盒
餐盒,大号打包盒,4.9,份,大号打包盒
餐盒,大号打包袋,0,份,大号打包袋
餐盒,大号餐盒,3.8,份,大号餐盒
餐盒,大盒,4.0,份,大盒
餐盒,小号打包盒,2.0,份,小号打包盒
餐盒,小号餐盒,2.0,份,小号餐盒
餐盒,小小号打包盒,1.0,份,小小号打包盒
餐盒,小小打包盒,1.0,份,小小打包盒
餐盒,小盒,2.0,份,小盒
餐盒,打包,3.1,份,打包
餐盒,特小号打包盒,1.0,份,特小号打包盒
餐盒,餐盒,0,份,餐盒
品牌展示,平价Omakase天花板,0,份,平价Omakase天花板
品牌展示,手作Omakase,0,份,手作Omakase
品牌展示,手作Omakase，现点现做,0,份,手作Omakase，现点现做
品牌展示,门店堂食,0,份,门店堂食
品牌展示,门店展示,0,份,门店展示
品牌展示,食材品质（为保证良好体验，收到货一小时内请尽快食用）,0,份,食材品质（为保证良好体验，收到货一小时内请尽快食用）
品牌展示,食材品质（现点现做，为保证体验，收到货后一小时内请尽快食用）,0,份,食材品质（现点现做，为保证体验，收到货后一小时内请尽快食用）
打包盒,【餐盒费用】,5.0,份,【餐盒费用】
打包盒,一次性湿纸巾,1.9,份,一次性湿纸巾
打包盒,打包盒,1.0,份,打包盒
打包盒,打包袋,2.0,份,打包袋
打包盒,酒具使用费,100.0,份,酒具使用费
临时菜单,白身鱼薄切,168.0,份,白身鱼薄切
临时菜单,盐烤黄花鱼,157.9,份,盐烤黄花鱼
临时菜单,鱼籽酱,128.0,份,鱼籽酱
临时菜单,黑松露茶碗蒸,37.3,份,黑松露茶碗蒸
餐具,一次性餐具,0.3,份,一次性餐具
餐具,环保用餐，无需餐具,0,份,环保用餐，无需餐具
餐具,环保订单，无需餐具,0,份,环保订单，无需餐具
其他服务,酒具使用费100元,100.0,份,酒具使用费100元
其他菜单,mini拉面,10.4,份,mini拉面
加料,东岛枪乌贼,48.0,份,东岛枪乌贼
